[{"model": "admin.logentry", "pk": 1, "fields": {"action_time": "2024-07-11T22:45:32.686Z", "user": 1, "content_type": 11, "object_id": "3", "object_repr": "XBox One", "action_flag": 1, "change_message": "[{\"added\": {}}]"}}, {"model": "admin.logentry", "pk": 2, "fields": {"action_time": "2024-07-11T22:46:09.922Z", "user": 1, "content_type": 9, "object_id": "32", "object_repr": "Binary Domain", "action_flag": 2, "change_message": "[{\"changed\": {\"fields\": [\"Platforms\"]}}]"}}, {"model": "admin.logentry", "pk": 3, "fields": {"action_time": "2024-07-11T22:46:18.932Z", "user": 1, "content_type": 9, "object_id": "30", "object_repr": "Aliens vs. Predator", "action_flag": 2, "change_message": "[{\"changed\": {\"fields\": [\"Platforms\"]}}]"}}, {"model": "admin.logentry", "pk": 4, "fields": {"action_time": "2024-07-11T22:46:27.406Z", "user": 1, "content_type": 9, "object_id": "26", "object_repr": "A Way Out", "action_flag": 2, "change_message": "[{\"changed\": {\"fields\": [\"Platforms\"]}}]"}}, {"model": "admin.logentry", "pk": 5, "fields": {"action_time": "2024-07-11T22:50:37.929Z", "user": 1, "content_type": 11, "object_id": "4", "object_repr": "Switch", "action_flag": 1, "change_message": "[{\"added\": {}}]"}}, {"model": "admin.logentry", "pk": 6, "fields": {"action_time": "2024-07-11T22:50:44.876Z", "user": 1, "content_type": 11, "object_id": "5", "object_repr": "PS 3", "action_flag": 1, "change_message": "[{\"added\": {}}]"}}, {"model": "admin.logentry", "pk": 7, "fields": {"action_time": "2024-07-11T22:50:49.710Z", "user": 1, "content_type": 11, "object_id": "1", "object_repr": "PS 5", "action_flag": 2, "change_message": "[{\"changed\": {\"fields\": [\"Name\"]}}]"}}, {"model": "admin.logentry", "pk": 8, "fields": {"action_time": "2024-07-11T22:50:56.434Z", "user": 1, "content_type": 11, "object_id": "6", "object_repr": "PS 4", "action_flag": 1, "change_message": "[{\"added\": {}}]"}}, {"model": "admin.logentry", "pk": 9, "fields": {"action_time": "2024-07-11T22:51:08.125Z", "user": 1, "content_type": 11, "object_id": "3", "object_repr": "Xbox One", "action_flag": 2, "change_message": "[{\"changed\": {\"fields\": [\"Name\"]}}]"}}, {"model": "admin.logentry", "pk": 10, "fields": {"action_time": "2024-07-11T22:51:21.090Z", "user": 1, "content_type": 11, "object_id": "7", "object_repr": "Xbox Series", "action_flag": 1, "change_message": "[{\"added\": {}}]"}}, {"model": "admin.logentry", "pk": 11, "fields": {"action_time": "2024-07-11T22:51:31.120Z", "user": 1, "content_type": 11, "object_id": "8", "object_repr": "Xbox 360", "action_flag": 1, "change_message": "[{\"added\": {}}]"}}, {"model": "admin.logentry", "pk": 12, "fields": {"action_time": "2024-07-11T22:53:35.194Z", "user": 1, "content_type": 7, "object_id": "10", "object_repr": "Deep Silver", "action_flag": 2, "change_message": "[{\"changed\": {\"fields\": [\"Image\"]}}]"}}, {"model": "admin.logentry", "pk": 13, "fields": {"action_time": "2024-07-11T22:55:43.085Z", "user": 1, "content_type": 9, "object_id": "3", "object_repr": "Jurassic World Evolution 2", "action_flag": 2, "change_message": "[{\"changed\": {\"fields\": [\"Platforms\"]}}]"}}, {"model": "admin.logentry", "pk": 14, "fields": {"action_time": "2024-07-11T22:56:07.732Z", "user": 1, "content_type": 9, "object_id": "4", "object_repr": "Lost Judgment", "action_flag": 2, "change_message": "[{\"changed\": {\"fields\": [\"Platforms\"]}}]"}}, {"model": "admin.logentry", "pk": 15, "fields": {"action_time": "2024-07-11T22:56:22.257Z", "user": 1, "content_type": 9, "object_id": "5", "object_repr": "Yakuza: Like a Dragon", "action_flag": 2, "change_message": "[{\"changed\": {\"fields\": [\"Platforms\"]}}]"}}, {"model": "admin.logentry", "pk": 16, "fields": {"action_time": "2024-07-11T22:56:37.921Z", "user": 1, "content_type": 9, "object_id": "6", "object_repr": "Civilization VI", "action_flag": 2, "change_message": "[{\"changed\": {\"fields\": [\"Platforms\"]}}]"}}, {"model": "admin.logentry", "pk": 17, "fields": {"action_time": "2024-07-11T22:56:56.135Z", "user": 1, "content_type": 9, "object_id": "7", "object_repr": "Alien: Isolation", "action_flag": 2, "change_message": "[{\"changed\": {\"fields\": [\"Platforms\"]}}]"}}, {"model": "admin.logentry", "pk": 18, "fields": {"action_time": "2024-07-11T22:57:09.846Z", "user": 1, "content_type": 9, "object_id": "7", "object_repr": "Alien: Isolation", "action_flag": 2, "change_message": "[{\"changed\": {\"fields\": [\"Platforms\"]}}]"}}, {"model": "admin.logentry", "pk": 19, "fields": {"action_time": "2024-07-11T22:57:30.273Z", "user": 1, "content_type": 9, "object_id": "8", "object_repr": "Girl in the Shell (Kara no Shōjo)", "action_flag": 2, "change_message": "[{\"changed\": {\"fields\": [\"Platforms\"]}}]"}}, {"model": "admin.logentry", "pk": 20, "fields": {"action_time": "2024-07-11T22:57:45.498Z", "user": 1, "content_type": 9, "object_id": "9", "object_repr": "This War of Mine", "action_flag": 2, "change_message": "[{\"changed\": {\"fields\": [\"Platforms\"]}}]"}}, {"model": "admin.logentry", "pk": 21, "fields": {"action_time": "2024-07-11T22:58:02.966Z", "user": 1, "content_type": 9, "object_id": "10", "object_repr": "XCOM 2", "action_flag": 2, "change_message": "[{\"changed\": {\"fields\": [\"Platforms\"]}}]"}}, {"model": "admin.logentry", "pk": 22, "fields": {"action_time": "2024-07-11T22:58:12.270Z", "user": 1, "content_type": 9, "object_id": "11", "object_repr": "The Witcher 2: Assassins of Kings", "action_flag": 2, "change_message": "[{\"changed\": {\"fields\": [\"Platforms\"]}}]"}}, {"model": "admin.logentry", "pk": 23, "fields": {"action_time": "2024-07-11T22:58:36.412Z", "user": 1, "content_type": 9, "object_id": "12", "object_repr": "Assassin's Creed Odyssey", "action_flag": 2, "change_message": "[{\"changed\": {\"fields\": [\"Platforms\"]}}]"}}, {"model": "admin.logentry", "pk": 24, "fields": {"action_time": "2024-07-11T22:58:53.524Z", "user": 1, "content_type": 9, "object_id": "64", "object_repr": "Assassin's Creed Valhalla", "action_flag": 2, "change_message": "[{\"changed\": {\"fields\": [\"Platforms\"]}}]"}}, {"model": "admin.logentry", "pk": 25, "fields": {"action_time": "2024-07-11T22:59:23.927Z", "user": 1, "content_type": 9, "object_id": "13", "object_repr": "Amnesia: The Dark Descent", "action_flag": 2, "change_message": "[{\"changed\": {\"fields\": [\"Platforms\"]}}]"}}, {"model": "admin.logentry", "pk": 26, "fields": {"action_time": "2024-07-11T22:59:40.814Z", "user": 1, "content_type": 9, "object_id": "14", "object_repr": "Hollow Knight", "action_flag": 2, "change_message": "[{\"changed\": {\"fields\": [\"Platforms\"]}}]"}}, {"model": "admin.logentry", "pk": 27, "fields": {"action_time": "2024-07-11T22:59:57.782Z", "user": 1, "content_type": 9, "object_id": "15", "object_repr": "Lost in Random", "action_flag": 2, "change_message": "[{\"changed\": {\"fields\": [\"Platforms\"]}}]"}}, {"model": "admin.logentry", "pk": 28, "fields": {"action_time": "2024-07-11T23:00:29.271Z", "user": 1, "content_type": 9, "object_id": "16", "object_repr": "Humankind", "action_flag": 2, "change_message": "[{\"changed\": {\"fields\": [\"Platforms\"]}}]"}}, {"model": "admin.logentry", "pk": 29, "fields": {"action_time": "2024-07-11T23:00:46.240Z", "user": 1, "content_type": 9, "object_id": "17", "object_repr": "The Walking Dead", "action_flag": 2, "change_message": "[{\"changed\": {\"fields\": [\"Platforms\"]}}]"}}, {"model": "admin.logentry", "pk": 30, "fields": {"action_time": "2024-07-11T23:01:21.329Z", "user": 1, "content_type": 9, "object_id": "18", "object_repr": "Dark Souls III", "action_flag": 2, "change_message": "[{\"changed\": {\"fields\": [\"Platforms\"]}}]"}}, {"model": "admin.logentry", "pk": 31, "fields": {"action_time": "2024-07-11T23:02:15.049Z", "user": 1, "content_type": 9, "object_id": "19", "object_repr": "The Last of Us Part I", "action_flag": 2, "change_message": "[{\"changed\": {\"fields\": [\"Platforms\"]}}]"}}, {"model": "admin.logentry", "pk": 32, "fields": {"action_time": "2024-07-11T23:02:28.631Z", "user": 1, "content_type": 9, "object_id": "20", "object_repr": "Prey", "action_flag": 2, "change_message": "[{\"changed\": {\"fields\": [\"Platforms\"]}}]"}}, {"model": "admin.logentry", "pk": 33, "fields": {"action_time": "2024-07-11T23:02:44.495Z", "user": 1, "content_type": 9, "object_id": "21", "object_repr": "Resident Evil 7: Biohazard", "action_flag": 2, "change_message": "[{\"changed\": {\"fields\": [\"Platforms\"]}}]"}}, {"model": "admin.logentry", "pk": 34, "fields": {"action_time": "2024-07-11T23:03:02.168Z", "user": 1, "content_type": 9, "object_id": "22", "object_repr": "Desperados III", "action_flag": 2, "change_message": "[{\"changed\": {\"fields\": [\"Platforms\"]}}]"}}, {"model": "admin.logentry", "pk": 35, "fields": {"action_time": "2024-07-11T23:03:15.146Z", "user": 1, "content_type": 9, "object_id": "23", "object_repr": "Cities: Skylines", "action_flag": 2, "change_message": "[{\"changed\": {\"fields\": [\"Platforms\"]}}]"}}, {"model": "admin.logentry", "pk": 36, "fields": {"action_time": "2024-07-11T23:03:30.847Z", "user": 1, "content_type": 9, "object_id": "24", "object_repr": "Until Dawn", "action_flag": 2, "change_message": "[{\"changed\": {\"fields\": [\"Platforms\"]}}]"}}, {"model": "admin.logentry", "pk": 37, "fields": {"action_time": "2024-07-11T23:04:00.762Z", "user": 1, "content_type": 9, "object_id": "25", "object_repr": "Dead Island 2", "action_flag": 2, "change_message": "[{\"changed\": {\"fields\": [\"Platforms\"]}}]"}}, {"model": "admin.logentry", "pk": 38, "fields": {"action_time": "2024-07-11T23:04:12.660Z", "user": 1, "content_type": 9, "object_id": "26", "object_repr": "A Way Out", "action_flag": 2, "change_message": "[{\"changed\": {\"fields\": [\"Platforms\"]}}]"}}, {"model": "admin.logentry", "pk": 39, "fields": {"action_time": "2024-07-11T23:04:31.799Z", "user": 1, "content_type": 9, "object_id": "27", "object_repr": "Elite Dangerous", "action_flag": 2, "change_message": "[{\"changed\": {\"fields\": [\"Platforms\"]}}]"}}, {"model": "admin.logentry", "pk": 40, "fields": {"action_time": "2024-07-11T23:04:47.214Z", "user": 1, "content_type": 9, "object_id": "28", "object_repr": "Planet Zoo", "action_flag": 2, "change_message": "[{\"changed\": {\"fields\": [\"Platforms\"]}}]"}}, {"model": "admin.logentry", "pk": 41, "fields": {"action_time": "2024-07-11T23:05:02.704Z", "user": 1, "content_type": 9, "object_id": "29", "object_repr": "Jurassic World Evolution", "action_flag": 2, "change_message": "[{\"changed\": {\"fields\": [\"Platforms\"]}}]"}}, {"model": "admin.logentry", "pk": 42, "fields": {"action_time": "2024-07-11T23:05:23.545Z", "user": 1, "content_type": 9, "object_id": "30", "object_repr": "Aliens vs. Predator", "action_flag": 2, "change_message": "[{\"changed\": {\"fields\": [\"Platforms\"]}}]"}}, {"model": "admin.logentry", "pk": 43, "fields": {"action_time": "2024-07-11T23:05:36.165Z", "user": 1, "content_type": 9, "object_id": "30", "object_repr": "Aliens vs. Predator", "action_flag": 2, "change_message": "[{\"changed\": {\"fields\": [\"Platforms\"]}}]"}}, {"model": "admin.logentry", "pk": 44, "fields": {"action_time": "2024-07-11T23:05:53.741Z", "user": 1, "content_type": 9, "object_id": "31", "object_repr": "Bayonetta", "action_flag": 2, "change_message": "[{\"changed\": {\"fields\": [\"Platforms\"]}}]"}}, {"model": "admin.logentry", "pk": 45, "fields": {"action_time": "2024-07-11T23:06:07.208Z", "user": 1, "content_type": 9, "object_id": "32", "object_repr": "Binary Domain", "action_flag": 2, "change_message": "[{\"changed\": {\"fields\": [\"Platforms\"]}}]"}}, {"model": "admin.logentry", "pk": 46, "fields": {"action_time": "2024-07-11T23:06:15.489Z", "user": 1, "content_type": 9, "object_id": "33", "object_repr": "Company of Heroes 2", "action_flag": 2, "change_message": "[{\"changed\": {\"fields\": [\"Platforms\"]}}]"}}, {"model": "admin.logentry", "pk": 47, "fields": {"action_time": "2024-07-11T23:06:25.639Z", "user": 1, "content_type": 9, "object_id": "34", "object_repr": "Company of Heroes 3", "action_flag": 2, "change_message": "[{\"changed\": {\"fields\": [\"Platforms\"]}}]"}}, {"model": "admin.logentry", "pk": 48, "fields": {"action_time": "2024-07-11T23:06:48.282Z", "user": 1, "content_type": 9, "object_id": "35", "object_repr": "Endless Legend", "action_flag": 2, "change_message": "[{\"changed\": {\"fields\": [\"Platforms\"]}}]"}}, {"model": "admin.logentry", "pk": 49, "fields": {"action_time": "2024-07-11T23:07:01.575Z", "user": 1, "content_type": 9, "object_id": "36", "object_repr": "ENDLESS Space 2", "action_flag": 2, "change_message": "[{\"changed\": {\"fields\": [\"Platforms\"]}}]"}}, {"model": "admin.logentry", "pk": 50, "fields": {"action_time": "2024-07-11T23:07:12.569Z", "user": 1, "content_type": 9, "object_id": "37", "object_repr": "Football Manager 2020", "action_flag": 2, "change_message": "[{\"changed\": {\"fields\": [\"Platforms\"]}}]"}}, {"model": "admin.logentry", "pk": 51, "fields": {"action_time": "2024-07-11T23:07:26.941Z", "user": 1, "content_type": 9, "object_id": "38", "object_repr": "Football Manager 2021", "action_flag": 2, "change_message": "[{\"changed\": {\"fields\": [\"Platforms\"]}}]"}}, {"model": "admin.logentry", "pk": 52, "fields": {"action_time": "2024-07-11T23:07:40.217Z", "user": 1, "content_type": 9, "object_id": "39", "object_repr": "Football Manager 2022", "action_flag": 2, "change_message": "[{\"changed\": {\"fields\": [\"Platforms\"]}}]"}}, {"model": "admin.logentry", "pk": 53, "fields": {"action_time": "2024-07-11T23:07:54.331Z", "user": 1, "content_type": 9, "object_id": "40", "object_repr": "Football Manager 2024", "action_flag": 2, "change_message": "[{\"changed\": {\"fields\": [\"Platforms\"]}}]"}}, {"model": "admin.logentry", "pk": 54, "fields": {"action_time": "2024-07-11T23:08:21.974Z", "user": 1, "content_type": 9, "object_id": "41", "object_repr": "Like a Dragon Gaiden: The Man Who Erased His Name", "action_flag": 2, "change_message": "[{\"changed\": {\"fields\": [\"Platforms\"]}}]"}}, {"model": "admin.logentry", "pk": 55, "fields": {"action_time": "2024-07-11T23:08:32.940Z", "user": 1, "content_type": 9, "object_id": "42", "object_repr": "Like a Dragon: Infinite Wealth", "action_flag": 2, "change_message": "[{\"changed\": {\"fields\": [\"Platforms\"]}}]"}}, {"model": "admin.logentry", "pk": 56, "fields": {"action_time": "2024-07-11T23:08:53.053Z", "user": 1, "content_type": 9, "object_id": "43", "object_repr": "Persona 4 Golden", "action_flag": 2, "change_message": "[{\"changed\": {\"fields\": [\"Platforms\"]}}]"}}, {"model": "admin.logentry", "pk": 57, "fields": {"action_time": "2024-07-11T23:09:05.444Z", "user": 1, "content_type": 9, "object_id": "44", "object_repr": "Persona 5 Tactica", "action_flag": 2, "change_message": "[{\"changed\": {\"fields\": [\"Platforms\"]}}]"}}, {"model": "admin.logentry", "pk": 58, "fields": {"action_time": "2024-07-11T23:09:13.297Z", "user": 1, "content_type": 9, "object_id": "45", "object_repr": "Persona 5 Royal", "action_flag": 2, "change_message": "[{\"changed\": {\"fields\": [\"Platforms\"]}}]"}}, {"model": "admin.logentry", "pk": 59, "fields": {"action_time": "2024-07-11T23:09:46.000Z", "user": 1, "content_type": 9, "object_id": "46", "object_repr": "Two Point Campus", "action_flag": 2, "change_message": "[{\"changed\": {\"fields\": [\"Platforms\"]}}]"}}, {"model": "admin.logentry", "pk": 60, "fields": {"action_time": "2024-07-11T23:10:07.018Z", "user": 1, "content_type": 9, "object_id": "47", "object_repr": "Frostpunk", "action_flag": 2, "change_message": "[{\"changed\": {\"fields\": [\"Platforms\"]}}]"}}, {"model": "admin.logentry", "pk": 61, "fields": {"action_time": "2024-07-11T23:10:20.361Z", "user": 1, "content_type": 9, "object_id": "48", "object_repr": "The Invincible", "action_flag": 2, "change_message": "[{\"changed\": {\"fields\": [\"Platforms\"]}}]"}}, {"model": "admin.logentry", "pk": 62, "fields": {"action_time": "2024-07-11T23:10:35.941Z", "user": 1, "content_type": 9, "object_id": "49", "object_repr": "Frostpunk 2", "action_flag": 2, "change_message": "[{\"changed\": {\"fields\": [\"Platforms\"]}}]"}}, {"model": "admin.logentry", "pk": 63, "fields": {"action_time": "2024-07-11T23:10:44.688Z", "user": 1, "content_type": 9, "object_id": "50", "object_repr": "Aquanox Deep Descent", "action_flag": 2, "change_message": "[{\"changed\": {\"fields\": [\"Platforms\"]}}]"}}, {"model": "admin.logentry", "pk": 64, "fields": {"action_time": "2024-07-11T23:11:01.101Z", "user": 1, "content_type": 9, "object_id": "51", "object_repr": "Biomutant", "action_flag": 2, "change_message": "[{\"changed\": {\"fields\": [\"Platforms\"]}}]"}}, {"model": "admin.logentry", "pk": 65, "fields": {"action_time": "2024-07-11T23:11:15.848Z", "user": 1, "content_type": 9, "object_id": "52", "object_repr": "Darksiders", "action_flag": 2, "change_message": "[{\"changed\": {\"fields\": [\"Platforms\"]}}]"}}, {"model": "admin.logentry", "pk": 66, "fields": {"action_time": "2024-07-11T23:11:25.941Z", "user": 1, "content_type": 9, "object_id": "53", "object_repr": "Darksiders 2", "action_flag": 2, "change_message": "[{\"changed\": {\"fields\": [\"Platforms\"]}}]"}}, {"model": "admin.logentry", "pk": 67, "fields": {"action_time": "2024-07-11T23:11:38.740Z", "user": 1, "content_type": 9, "object_id": "54", "object_repr": "Darksiders 3", "action_flag": 2, "change_message": "[{\"changed\": {\"fields\": [\"Platforms\"]}}]"}}, {"model": "admin.logentry", "pk": 68, "fields": {"action_time": "2024-07-11T23:11:51.955Z", "user": 1, "content_type": 9, "object_id": "55", "object_repr": "Darksiders Genesis", "action_flag": 2, "change_message": "[{\"changed\": {\"fields\": [\"Platforms\"]}}]"}}, {"model": "admin.logentry", "pk": 69, "fields": {"action_time": "2024-07-11T23:12:04.471Z", "user": 1, "content_type": 9, "object_id": "56", "object_repr": "Destroy All Humans!", "action_flag": 2, "change_message": "[{\"changed\": {\"fields\": [\"Platforms\"]}}]"}}, {"model": "admin.logentry", "pk": 70, "fields": {"action_time": "2024-07-11T23:12:15.761Z", "user": 1, "content_type": 9, "object_id": "57", "object_repr": "ELEX", "action_flag": 2, "change_message": "[{\"changed\": {\"fields\": [\"Platforms\"]}}]"}}, {"model": "admin.logentry", "pk": 71, "fields": {"action_time": "2024-07-11T23:12:24.451Z", "user": 1, "content_type": 9, "object_id": "58", "object_repr": "ELEX II", "action_flag": 2, "change_message": "[{\"changed\": {\"fields\": [\"Platforms\"]}}]"}}, {"model": "admin.logentry", "pk": 72, "fields": {"action_time": "2024-07-11T23:12:43.142Z", "user": 1, "content_type": 9, "object_id": "59", "object_repr": "Cyberpunk 2077", "action_flag": 2, "change_message": "[{\"changed\": {\"fields\": [\"Platforms\"]}}]"}}, {"model": "admin.logentry", "pk": 73, "fields": {"action_time": "2024-07-11T23:12:53.571Z", "user": 1, "content_type": 9, "object_id": "60", "object_repr": "GWENT:Rogue Mage", "action_flag": 2, "change_message": "[{\"changed\": {\"fields\": [\"Platforms\"]}}]"}}, {"model": "admin.logentry", "pk": 74, "fields": {"action_time": "2024-07-11T23:13:08.921Z", "user": 1, "content_type": 9, "object_id": "61", "object_repr": "The Wolf Among Us", "action_flag": 2, "change_message": "[{\"changed\": {\"fields\": [\"Platforms\"]}}]"}}, {"model": "admin.logentry", "pk": 75, "fields": {"action_time": "2024-07-11T23:13:18.476Z", "user": 1, "content_type": 9, "object_id": "62", "object_repr": "7 Days To Die", "action_flag": 2, "change_message": "[{\"changed\": {\"fields\": [\"Platforms\"]}}]"}}, {"model": "admin.logentry", "pk": 76, "fields": {"action_time": "2024-07-11T23:13:34.029Z", "user": 1, "content_type": 9, "object_id": "63", "object_repr": "Immortals Fenyx Rising", "action_flag": 2, "change_message": "[{\"changed\": {\"fields\": [\"Platforms\"]}}]"}}, {"model": "admin.logentry", "pk": 77, "fields": {"action_time": "2024-07-11T23:13:48.595Z", "user": 1, "content_type": 9, "object_id": "64", "object_repr": "Assassin's Creed Valhalla", "action_flag": 2, "change_message": "[{\"changed\": {\"fields\": [\"Platforms\"]}}]"}}, {"model": "admin.logentry", "pk": 78, "fields": {"action_time": "2024-07-11T23:13:59.697Z", "user": 1, "content_type": 9, "object_id": "65", "object_repr": "Child of Light", "action_flag": 2, "change_message": "[{\"changed\": {\"fields\": [\"Platforms\"]}}]"}}, {"model": "admin.logentry", "pk": 79, "fields": {"action_time": "2024-07-11T23:14:34.836Z", "user": 1, "content_type": 9, "object_id": "66", "object_repr": "Tom Clancy’s The Division", "action_flag": 2, "change_message": "[{\"changed\": {\"fields\": [\"Platforms\"]}}]"}}, {"model": "admin.logentry", "pk": 80, "fields": {"action_time": "2024-07-11T23:14:44.798Z", "user": 1, "content_type": 9, "object_id": "67", "object_repr": "Tom Clancy's The Division 2", "action_flag": 2, "change_message": "[{\"changed\": {\"fields\": [\"Platforms\"]}}]"}}, {"model": "admin.logentry", "pk": 81, "fields": {"action_time": "2024-07-11T23:14:57.394Z", "user": 1, "content_type": 9, "object_id": "68", "object_repr": "Far Cry Primal", "action_flag": 2, "change_message": "[{\"changed\": {\"fields\": [\"Platforms\"]}}]"}}, {"model": "admin.logentry", "pk": 82, "fields": {"action_time": "2024-07-11T23:15:04.130Z", "user": 1, "content_type": 9, "object_id": "69", "object_repr": "Far Cry New Dawn", "action_flag": 2, "change_message": "[{\"changed\": {\"fields\": [\"Platforms\"]}}]"}}, {"model": "admin.logentry", "pk": 83, "fields": {"action_time": "2024-07-11T23:15:19.291Z", "user": 1, "content_type": 9, "object_id": "70", "object_repr": "Scott Pilgrim vs. The World: The Game", "action_flag": 2, "change_message": "[{\"changed\": {\"fields\": [\"Platforms\"]}}]"}}, {"model": "admin.logentry", "pk": 84, "fields": {"action_time": "2024-07-11T23:15:30.987Z", "user": 1, "content_type": 9, "object_id": "71", "object_repr": "Avatar: Frontiers of Pandora", "action_flag": 2, "change_message": "[{\"changed\": {\"fields\": [\"Platforms\"]}}]"}}, {"model": "admin.logentry", "pk": 85, "fields": {"action_time": "2024-07-11T23:15:47.770Z", "user": 1, "content_type": 9, "object_id": "72", "object_repr": "Watch Dogs: Legion", "action_flag": 2, "change_message": "[{\"changed\": {\"fields\": [\"Platforms\"]}}]"}}, {"model": "admin.logentry", "pk": 86, "fields": {"action_time": "2024-07-11T23:15:58.693Z", "user": 1, "content_type": 9, "object_id": "73", "object_repr": "Chorus", "action_flag": 2, "change_message": "[{\"changed\": {\"fields\": [\"Platforms\"]}}]"}}, {"model": "admin.logentry", "pk": 87, "fields": {"action_time": "2024-07-11T23:16:15.274Z", "user": 1, "content_type": 9, "object_id": "74", "object_repr": "Maneater", "action_flag": 2, "change_message": "[{\"changed\": {\"fields\": [\"Platforms\"]}}]"}}, {"model": "admin.logentry", "pk": 88, "fields": {"action_time": "2024-07-16T15:16:15.114Z", "user": 1, "content_type": 6, "object_id": "12", "object_repr": "test 2", "action_flag": 3, "change_message": ""}}, {"model": "admin.logentry", "pk": 89, "fields": {"action_time": "2024-07-16T15:16:18.062Z", "user": 1, "content_type": 6, "object_id": "11", "object_repr": "test", "action_flag": 3, "change_message": ""}}, {"model": "admin.logentry", "pk": 90, "fields": {"action_time": "2024-07-16T15:18:16.498Z", "user": 1, "content_type": 6, "object_id": "15", "object_repr": "asdasf", "action_flag": 3, "change_message": ""}}, {"model": "admin.logentry", "pk": 91, "fields": {"action_time": "2024-07-16T15:18:19.466Z", "user": 1, "content_type": 6, "object_id": "14", "object_repr": "asdfasdf", "action_flag": 3, "change_message": ""}}, {"model": "admin.logentry", "pk": 92, "fields": {"action_time": "2024-07-16T15:18:37.667Z", "user": 1, "content_type": 6, "object_id": "13", "object_repr": "wefwef", "action_flag": 3, "change_message": ""}}, {"model": "auth.permission", "pk": 1, "fields": {"name": "Can add log entry", "content_type": 1, "codename": "add_logentry"}}, {"model": "auth.permission", "pk": 2, "fields": {"name": "Can change log entry", "content_type": 1, "codename": "change_logentry"}}, {"model": "auth.permission", "pk": 3, "fields": {"name": "Can delete log entry", "content_type": 1, "codename": "delete_logentry"}}, {"model": "auth.permission", "pk": 4, "fields": {"name": "Can view log entry", "content_type": 1, "codename": "view_logentry"}}, {"model": "auth.permission", "pk": 5, "fields": {"name": "Can add permission", "content_type": 2, "codename": "add_permission"}}, {"model": "auth.permission", "pk": 6, "fields": {"name": "Can change permission", "content_type": 2, "codename": "change_permission"}}, {"model": "auth.permission", "pk": 7, "fields": {"name": "Can delete permission", "content_type": 2, "codename": "delete_permission"}}, {"model": "auth.permission", "pk": 8, "fields": {"name": "Can view permission", "content_type": 2, "codename": "view_permission"}}, {"model": "auth.permission", "pk": 9, "fields": {"name": "Can add group", "content_type": 3, "codename": "add_group"}}, {"model": "auth.permission", "pk": 10, "fields": {"name": "Can change group", "content_type": 3, "codename": "change_group"}}, {"model": "auth.permission", "pk": 11, "fields": {"name": "Can delete group", "content_type": 3, "codename": "delete_group"}}, {"model": "auth.permission", "pk": 12, "fields": {"name": "Can view group", "content_type": 3, "codename": "view_group"}}, {"model": "auth.permission", "pk": 13, "fields": {"name": "Can add content type", "content_type": 4, "codename": "add_contenttype"}}, {"model": "auth.permission", "pk": 14, "fields": {"name": "Can change content type", "content_type": 4, "codename": "change_contenttype"}}, {"model": "auth.permission", "pk": 15, "fields": {"name": "Can delete content type", "content_type": 4, "codename": "delete_contenttype"}}, {"model": "auth.permission", "pk": 16, "fields": {"name": "Can view content type", "content_type": 4, "codename": "view_contenttype"}}, {"model": "auth.permission", "pk": 17, "fields": {"name": "Can add session", "content_type": 5, "codename": "add_session"}}, {"model": "auth.permission", "pk": 18, "fields": {"name": "Can change session", "content_type": 5, "codename": "change_session"}}, {"model": "auth.permission", "pk": 19, "fields": {"name": "Can delete session", "content_type": 5, "codename": "delete_session"}}, {"model": "auth.permission", "pk": 20, "fields": {"name": "Can view session", "content_type": 5, "codename": "view_session"}}, {"model": "auth.permission", "pk": 21, "fields": {"name": "Can add genre", "content_type": 6, "codename": "add_genre"}}, {"model": "auth.permission", "pk": 22, "fields": {"name": "Can change genre", "content_type": 6, "codename": "change_genre"}}, {"model": "auth.permission", "pk": 23, "fields": {"name": "Can delete genre", "content_type": 6, "codename": "delete_genre"}}, {"model": "auth.permission", "pk": 24, "fields": {"name": "Can view genre", "content_type": 6, "codename": "view_genre"}}, {"model": "auth.permission", "pk": 25, "fields": {"name": "Can add publisher", "content_type": 7, "codename": "add_publisher"}}, {"model": "auth.permission", "pk": 26, "fields": {"name": "Can change publisher", "content_type": 7, "codename": "change_publisher"}}, {"model": "auth.permission", "pk": 27, "fields": {"name": "Can delete publisher", "content_type": 7, "codename": "delete_publisher"}}, {"model": "auth.permission", "pk": 28, "fields": {"name": "Can view publisher", "content_type": 7, "codename": "view_publisher"}}, {"model": "auth.permission", "pk": 29, "fields": {"name": "Can add user", "content_type": 8, "codename": "add_player"}}, {"model": "auth.permission", "pk": 30, "fields": {"name": "Can change user", "content_type": 8, "codename": "change_player"}}, {"model": "auth.permission", "pk": 31, "fields": {"name": "Can delete user", "content_type": 8, "codename": "delete_player"}}, {"model": "auth.permission", "pk": 32, "fields": {"name": "Can view user", "content_type": 8, "codename": "view_player"}}, {"model": "auth.permission", "pk": 33, "fields": {"name": "Can add game", "content_type": 9, "codename": "add_game"}}, {"model": "auth.permission", "pk": 34, "fields": {"name": "Can change game", "content_type": 9, "codename": "change_game"}}, {"model": "auth.permission", "pk": 35, "fields": {"name": "Can delete game", "content_type": 9, "codename": "delete_game"}}, {"model": "auth.permission", "pk": 36, "fields": {"name": "Can view game", "content_type": 9, "codename": "view_game"}}, {"model": "auth.permission", "pk": 37, "fields": {"name": "Can add rating", "content_type": 10, "codename": "add_rating"}}, {"model": "auth.permission", "pk": 38, "fields": {"name": "Can change rating", "content_type": 10, "codename": "change_rating"}}, {"model": "auth.permission", "pk": 39, "fields": {"name": "Can delete rating", "content_type": 10, "codename": "delete_rating"}}, {"model": "auth.permission", "pk": 40, "fields": {"name": "Can view rating", "content_type": 10, "codename": "view_rating"}}, {"model": "auth.permission", "pk": 41, "fields": {"name": "Can add platform", "content_type": 11, "codename": "add_platform"}}, {"model": "auth.permission", "pk": 42, "fields": {"name": "Can change platform", "content_type": 11, "codename": "change_platform"}}, {"model": "auth.permission", "pk": 43, "fields": {"name": "Can delete platform", "content_type": 11, "codename": "delete_platform"}}, {"model": "auth.permission", "pk": 44, "fields": {"name": "Can view platform", "content_type": 11, "codename": "view_platform"}}, {"model": "auth.group", "pk": 1, "fields": {"name": "admin", "permissions": [1, 2, 3, 4, 9, 10, 11, 12, 5, 6, 7, 8, 13, 14, 15, 16, 33, 34, 35, 36, 21, 22, 23, 24, 29, 30, 31, 32, 25, 26, 27, 28, 17, 18, 19, 20]}}, {"model": "contenttypes.contenttype", "pk": 1, "fields": {"app_label": "admin", "model": "logentry"}}, {"model": "contenttypes.contenttype", "pk": 2, "fields": {"app_label": "auth", "model": "permission"}}, {"model": "contenttypes.contenttype", "pk": 3, "fields": {"app_label": "auth", "model": "group"}}, {"model": "contenttypes.contenttype", "pk": 4, "fields": {"app_label": "contenttypes", "model": "contenttype"}}, {"model": "contenttypes.contenttype", "pk": 5, "fields": {"app_label": "sessions", "model": "session"}}, {"model": "contenttypes.contenttype", "pk": 6, "fields": {"app_label": "game", "model": "genre"}}, {"model": "contenttypes.contenttype", "pk": 7, "fields": {"app_label": "game", "model": "publisher"}}, {"model": "contenttypes.contenttype", "pk": 8, "fields": {"app_label": "game", "model": "player"}}, {"model": "contenttypes.contenttype", "pk": 9, "fields": {"app_label": "game", "model": "game"}}, {"model": "contenttypes.contenttype", "pk": 10, "fields": {"app_label": "game", "model": "rating"}}, {"model": "contenttypes.contenttype", "pk": 11, "fields": {"app_label": "game", "model": "platform"}}, {"model": "sessions.session", "pk": "30u8krphr6wzrhlkzjr71ekn9roqfhho", "fields": {"session_data": ".eJxVjjsOgzAQRO_iOrJYYxtDmZ4zWOvdVXA-RsKQJsrdEySKpJ33ZjQvFXFbp7hVWWJmNShQp98sId2k7ICvWC6zprmsS056V_RBqx5nlvv5cP8GJqzTt21C13DPYLFtgkBiDw7BOrLGsBAn4zxL2wUHvpeeKGBA75L3gTqi_VXZHvGZa16rGuD9AUONPQE:1sQvVf:2OISzSJjdrRQDp_dvHo6m8mE0S0ChkzURIhDrhekzXM", "expire_date": "2024-07-22T21:02:55.802Z"}}, {"model": "sessions.session", "pk": "4g4zzuzdetimdytr8v3sg0wkk43kz8o3", "fields": {"session_data": "eyJudW1fdmlzaXRzIjoxfQ:1sTjw1:O3Oc8aRUZKsv2O5xKPdUkJEc12afY9eGYM8ono6cEmQ", "expire_date": "2024-07-30T15:17:45.631Z"}}, {"model": "sessions.session", "pk": "5g9gg7l49ori3ivm8lfdekgnktjq0wry", "fields": {"session_data": "eyJudW1fdmlzaXRzIjoxfQ:1sThHM:k25bVkLe9J1Uv82qHm0hn5fwcbjZmx1fPMcp0YoyAEQ", "expire_date": "2024-07-30T12:27:36.499Z"}}, {"model": "sessions.session", "pk": "btaaftu6zwzz9i6rpllc5ph6y39w19rj", "fields": {"session_data": "eyJudW1fdmlzaXRzIjoxfQ:1sU64N:uk138tf8wRpyFgb-KMYdUjyT4641kb7H7h12CKN3To0", "expire_date": "2024-07-31T14:55:51.302Z"}}, {"model": "sessions.session", "pk": "c8ra3okkxytq7tuvwmn5rhh91wpc2u2t", "fields": {"session_data": "eyJudW1fdmlzaXRzIjoxfQ:1sS2ft:1lWvfinkjcMyy4bZedvRChIKJnO5zjM7vMNYjWS4ukM", "expire_date": "2024-07-25T22:54:05.590Z"}}, {"model": "sessions.session", "pk": "cfazce3nahfw6rih7y59hps3whxnuiib", "fields": {"session_data": ".eJxVjEsOwjAMBe-SNYqcuG0Sluw5Q2XHDimgVupnhbg7VOoCtm9m3sv0tK213xad-0HM2Thz-t2Y8kPHHcidxttk8zSu88B2V-xBF3udRJ-Xw_07qLTUb81FXJsLIufEDQVXckitqPcgoAkddEURXaEosYuMylgCKCBFhcab9wcEPThV:1sVqgm:Lh80T89cTqguE07T4jQfQyjtIodrbBElaiMo6gQ87Hs", "expire_date": "2024-08-05T10:54:44.314Z"}}, {"model": "sessions.session", "pk": "e32duuo4kexr6f7w6acbzjvgt5xl4p7v", "fields": {"session_data": ".eJxVjEsOgzAMBe_idRXhlITAsvueIXJsq6SfIBHopurdWyQ2bN_MvA-U9RXfuealwhBOEGldxrhWnWMWGADhsCXih5YNyJ3KbTI8lWXOyWyK2Wk110n0edndw8FIdfzXNnSN9IItnZugmMSjI2wdt9aKsiTrvOi5Cw59rz1zoEDeJe8Dd8wI3x9-AT0I:1sRaO3:HhACjgwSlvLVKa7IuTxkgNGUYa6muAAefbhKmt0xJ9Y", "expire_date": "2024-07-24T16:41:47.185Z"}}, {"model": "sessions.session", "pk": "fg3d1l4e6em39pggqehk0ugsrpg9ylaj", "fields": {"session_data": ".eJxVjjsOwjAQRO_iGlmx419S0ucM1np3hc3HkeKEBnF3iJQC2nlvRvMSEbY1x63xEguJUShx-s0S4I3rDugK9TJLnOu6lCR3RR60yWkmvp8P928gQ8vftg6-o4GUgb4LrBI5ZUEZi0ZrYqSkrSPufbDKDTwgBgjgbHIuoEfcX9XtEZ-llbWJUZv3B4B8PTY:1sQvFC:h33P8gPWGIS5BIQTIQX8WX8NctONKwjaRjCYEqA1UAc", "expire_date": "2024-07-22T20:45:54.003Z"}}, {"model": "sessions.session", "pk": "heu6oq51vgto2o8mtzyg7kk6s3qh7leq", "fields": {"session_data": ".eJxVjDsOgzAQBe-ydWSxBn-gTM8ZrPWuFZyPkTCkiXL3BImG9s3M-0DZXuGda14rDOguEGhbp7DVtIQsMADCaYvEj1R2IHcqt1nxXNYlR7Ur6qBVjbOk5_VwTwcT1elfa-8a6QU7ahufMIpFQ9gZ7rSWxBK1sZJa5w3aPvXMnjxZE6317JgRvj-jvT04:1sU6Ew:IQl7sldc3__xpbf7V6UBU31Ui3OlpGUe18cd8n3scE4", "expire_date": "2024-07-31T15:06:46.660Z"}}, {"model": "sessions.session", "pk": "s9gjady20nvfe4fpunwkhamewwc8gwhu", "fields": {"session_data": ".eJxVjEsOwjAMBe-SNYqcuG0Sluw5Q2XHDimgVupnhbg7VOoCtm9m3sv0tK213xad-0HM2Thz-t2Y8kPHHcidxttk8zSu88B2V-xBF3udRJ-Xw_07qLTUb81FXJsLIufEDQVXckitqPcgoAkddEURXaEosYuMylgCKCBFhcab9wcEPThV:1sVqdN:WHjqUeO3kA5Qr3K22xs2tk3xtxjTycvHyByCDulbq_k", "expire_date": "2024-08-05T10:51:13.180Z"}}, {"model": "sessions.session", "pk": "sr35b11q88bt8ze3bisb5jtlde515sr0", "fields": {"session_data": ".eJxVjEsOgzAMBe_idRXhQELosvueIXJsq6SfIBHopurdWyQ2bN_MvA-U9RXfuealwrl1J4i0LmNcq84xC5wB4bAl4oeWDcidym0yPJVlzslsitlpNddJ9HnZ3cPBSHX81zb0jQyCHbVNUEzi0RF2jjtrRVmSdV607YNDP-jAHCiQd8n7wD0zwvcHo789OA:1sRp3g:iNcSDu-5saNrKZx4WK74-6ycbuyJmeUEmp_adzTVVuk", "expire_date": "2024-07-25T08:21:44.105Z"}}, {"model": "sessions.session", "pk": "xbzokrk5w5xxb0eao0oglvv2kmemxshs", "fields": {"session_data": ".eJxVjEsOgzAMBe_idRXhlITAsvueIXJsq6SfIBHopurdWyQ2bN_MvA-U9RXfuealwmBPEGldxrhWnWMWGADhsCXih5YNyJ3KbTI8lWXOyWyK2Wk110n0edndw8FIdfzXNnSN9IItnZugmMSjI2wdt9aKsiTrvOi5Cw59rz1zoEDeJe8Dd8wI3x95-T0C:1sU5sI:MVHFZl_FbbxU1oFXQNqZoKHKz3mxtxP_3AqLbVVapK0", "expire_date": "2024-07-31T14:43:22.694Z"}}, {"model": "sessions.session", "pk": "xrbautjw2ilrlis4it087u7hwlvj35oo", "fields": {"session_data": ".eJxVjDsOgzAQBe-ydWRhYxtDmZ4zWOvdVXA-RsKQJsrdEyQa2jcz7wNle8V3rnmtMNgLRNzWKW5VlpgZBtBw2hLSQ8oO-I7lNiuay7rkpHZFHbSqcWZ5Xg_3dDBhnf61CV3DPWuLbRNEJ_baobaOrDEsxMk4z9J2wWnfS08UMKB3yftAHZGG7w97UT0E:1sRa0K:hqSYsUytg5z_1x_Jx2DEAsBKJfQ6NnIKKa4DECEdqeM", "expire_date": "2024-07-24T16:17:16.200Z"}}, {"model": "game.game", "pk": 1, "fields": {"title": "Europa Universalis IV", "description": "Europa Universalis IV is a 2013 grand strategy video game in the Europa Universalis series, developed by Paradox Development Studio and published by Paradox Interactive as a sequel to Europa Universalis III (2007). The game was released on 13 August 2013 for Windows, OS X, and Linux. It is a strategy game where players can control a nation from the Late Middle Ages following the Battle of Varna (1444), the final crusade, to the Napoleonic era with the timeline finishing on 2 January 1821 to coincide with the death of Napoleon on 5 May 1821.  Players navigate their nations with conducting trade, administration, diplomacy, colonization, and warfare.", "release_year": 2013, "genre": 1, "publisher": 1, "image": "game_images/EuropaUniversalisIV.jpg", "link": "https://store.steampowered.com/app/236850/Europa_Universalis_IV/", "platform": [], "players": [1]}}, {"model": "game.game", "pk": 2, "fields": {"title": "The Binding of Isaac", "description": "The Binding of Isaac is a randomly generated action RPG shooter with heavy Rogue-like elements. Following Isaac on his journey players will find bizarre treasures that change Isaac’s form giving him super human abilities and enabling him to fight off droves of mysterious creatures, discover secrets and fight his way to safety.", "release_year": 2011, "genre": 2, "publisher": 2, "image": "game_images/Isaac.jpg", "link": "https://store.steampowered.com/app/113200/The_Binding_of_Isaac/", "platform": [], "players": [1, 2]}}, {"model": "game.game", "pk": 3, "fields": {"title": "Jurassic World Evolution 2", "description": "Similar to the first game, Evolution 2 is a business simulation in which, the player constructs a Jurassic World prehistoric theme park. The game features more than 75 prehistoric species, including various dinosaurs, pterosaurs and marine reptiles. Players need to build enclosures, aviaries and lagoons to contain these animals for visitors' viewing. These animals have different needs, such as the type of food they eat and the extent of forestation they require in their habitat, that must be met to keep them healthy and satisfied. \r\nPlayers need to build various facilities and recruit scientists for research and incubating the prehistoric species.", "release_year": 2021, "genre": 4, "publisher": 3, "image": "game_images/Jurassic_World_Evolution_2.jpg", "link": "https://store.steampowered.com/app/1244460/Jurassic_World_Evolution_2/", "platform": [], "players": []}}, {"model": "game.game", "pk": 4, "fields": {"title": "Lost Judgment", "description": "A sequel to the 2018 game Judgment (a spin-off of the Like a Dragon series), the game focuses on private detective Takayuki Yagami as he investigates a criminal accused of both sexual harassment and murder. Yagami manages to see the connection between the suspect Akihiro Ehara and his links with a series of murders committed against bullies in Kamurochō and Isezaki Ijincho. The game builds on the action sequences from the first game while revising its stealth elements. Yagami uses two returning fighting styles plus the new aikido-based Snake.", "release_year": 2021, "genre": 3, "publisher": 4, "image": "game_images/Lost_Judgment.png", "link": "https://store.steampowered.com/app/2058190/Lost_Judgment/", "platform": [], "players": []}}, {"model": "game.game", "pk": 5, "fields": {"title": "Yakuza: Like a Dragon", "description": "In contrast to previous Yakuza games that focused on the life of Kazuma Kiryu, a man trying to lead a normal life after leaving the yakuza lifestyle, Like a Dragon instead introduces a new protagonist named Ichiban Kasuga. After being imprisoned for 18 years only to then be betrayed by his former boss, Kasuga goes on a personal quest to become a \"hero\" and uncover the reason for his betrayal alongside his companions.", "release_year": 2020, "genre": 3, "publisher": 4, "image": "game_images/Yakuza_Like_a_Dragon.png", "link": "https://store.steampowered.com/app/1235140/Yakuza_Like_a_Dragon/", "platform": [], "players": []}}, {"model": "game.game", "pk": 6, "fields": {"title": "Civilization VI", "description": "Similar to previous installments, the goal for the player is to develop a civilization from an early settlement through many in-game millennia to become a world power and achieve one of several victory conditions, such as through military domination, technological superiority, or cultural influence, over the other human and computer-controlled opponents. Players do this by exploring the world, founding new cities, building city improvements, deploying military troops to attack and defend themselves from others, researching new technologies and civics advancements, developing an influential culture, and engaging in trade and negotiations with other world leaders.", "release_year": 2016, "genre": 1, "publisher": 5, "image": "game_images/Civilization.png", "link": "https://store.steampowered.com/app/289070/Sid_Meiers_Civilization_VI/", "platform": [], "players": []}}, {"model": "game.game", "pk": 7, "fields": {"title": "Alien: Isolation", "description": "Alien: Isolation is based on the Alien film series, the game is set 15 years after the events of the original 1979 film, and follows engineer Amanda Ripley, daughter of Alien protagonist Ellen Ripley, as she investigates the disappearance of her mother aboard the space station Sevastopol. Once inside, Amanda discovers that the station has fallen into disarray due to an alien creature on the loose and must find a way to escape. The game emphasizes stealth and survival horror gameplay, requiring the player to avoid, outsmart, and fight enemies with tools such as a motion tracker and flamethrower.", "release_year": 2014, "genre": 4, "publisher": 4, "image": "game_images/Alien.png", "link": "https://store.steampowered.com/app/214490/Alien_Isolation/", "platform": [1, 2, 3], "players": []}}, {"model": "game.game", "pk": 8, "fields": {"title": "Girl in the Shell (Kara no Shōjo)", "description": "Set in a post-World War II Japan during 1956, Kara no Shōjo's story revolves around Reiji Tokisaka, a private investigator who is investigating a series of grotesque murders on the request of his former colleague/best friend, Kyozo Uozumi of the Tokyo metropolitan police force. The murders are reminiscent of another string of serial murders that occurred six years ago prior to the game where Reiji lost his fiancée, which drives him with a strong desire to solve this case. Later at a park, Reiji also meets a high school girl from Ouba Girls Academy named Touko Kuchiki, who asks him to find her real self. Reiji is initially unsure of what she means, but later finds out that Toko has an unusually complicated past that may have more to do with the current string of serial killings than Reiji initially expects. While working to solve the growing number of murder cases in Tokyo, Reiji takes some time out to get to know Toko and her friends as well as other students from her school while working behind-the-scenes to unravel the mysteries of her dark past.", "release_year": 2008, "genre": 5, "publisher": 6, "image": "game_images/Kara_no_Shōjo.png", "link": "https://store.steampowered.com/app/965810/Kara_no_Shojo/", "platform": [], "players": []}}, {"model": "game.game", "pk": 9, "fields": {"title": "This War of Mine", "description": "This War of Mine is a survival-themed strategy game where the player controls a group of civilian survivors hiding inside a damaged house in the besieged fictional city of Pogoren, Graznavia. The main goal of the game is to stay alive during the war using the tools and materials that the player can gather. Most of the characters under the player's control have no military background nor any kind of survival experience, and will require constant intervention by the player in order to stay alive. The player must maintain their characters' health, hunger, and mood levels until the declaration of a ceasefire, which occurs after a randomized duration.", "release_year": 2014, "genre": 5, "publisher": 7, "image": "game_images/This_War_of_Mine.png", "link": "https://store.steampowered.com/app/282070/This_War_of_Mine/", "platform": [], "players": []}}, {"model": "game.game", "pk": 10, "fields": {"title": "XCOM 2", "description": "XCOM, a military organization trying to fight off an alien invasion, has lost the war and is now a resistance force against the occupation of Earth and the established totalitarian regime and military dictatorship. Gameplay is split between turn-based combat in which players command a squad of soldiers to fight enemies, and strategy elements in which players manage and control the operations of the Avenger, an alien ship that is used as a mobile base for XCOM.", "release_year": 2016, "genre": 7, "publisher": 5, "image": "game_images/XCOM_2.png", "link": "https://store.steampowered.com/app/268500/XCOM_2/", "platform": [], "players": []}}, {"model": "game.game", "pk": 11, "fields": {"title": "The Witcher 2: Assassins of Kings", "description": "The player controls Geralt of Rivia, who is one of the few remaining witchers – enhanced and trained humans with special powers who hunt monsters for a living. The Witcher 2: Assassins of Kings contains many different paths and storylines, along with multiple endings. The fantasy world in which his adventures take place owes much to Polish history and Slavic mythology.", "release_year": 2011, "genre": 3, "publisher": 8, "image": "game_images/The_Witcher_2_Assassins_of_Kings.png", "link": "https://store.steampowered.com/app/20920/The_Witcher_2_Assassins_of_Kings_Enhanced_Edition/", "platform": [], "players": []}}, {"model": "game.game", "pk": 12, "fields": {"title": "Assassin's Creed Odyssey", "description": "Assassin's Creed Odyssey is the eleventh major installment in the Assassin's Creed series and the successor to 2017's Assassin's Creed Origins. Like its predecessor, the game features a large open world and adopts many elements from the role-playing genre, putting more emphasis on combat and exploration than stealth. Naval combat from previous titles in the series also plays a prominent role in Odyssey. The game's plot tells a mythological history of the Peloponnesian War between Athens and Sparta from 431 to 422 BC. Players control a Spartan mercenary, who fights on both sides of the conflict as they attempt to find their family and eliminate the mysterious Cult of Kosmos. Odyssey also continues the story arc of Layla Hassan, a major character introduced in Origins, who relives the mercenary's memories through the Animus device to find a powerful artifact.", "release_year": 2018, "genre": 3, "publisher": 14, "image": "game_images/Assassins_Creed_Odyssey.png", "link": "https://store.steampowered.com/app/812140/Assassins_Creed_Odyssey/", "platform": [], "players": []}}, {"model": "game.game", "pk": 13, "fields": {"title": "Amnesia: The Dark Descent", "description": "Amnesia: The Dark Descent is a first-person adventure game with survival horror elements. The player takes control of Daniel, who must navigate Castle Brennenburg while avoiding various dangers and solving puzzles. The gameplay retains the physical object interaction used in the Penumbra series, allowing for physics-based puzzles and interactions such as opening doors and fixing machinery.", "release_year": 2010, "genre": 5, "publisher": 16, "image": "game_images/Amnesia_The_Dark_Descent.png", "link": "https://store.steampowered.com/app/57300/Amnesia_The_Dark_Descent/", "platform": [], "players": []}}, {"model": "game.game", "pk": 14, "fields": {"title": "Hollow Knight", "description": "The player controls the Knight, an insectoid warrior exploring Hallownest, a fallen kingdom plagued by a supernatural disease. The game is set in diverse subterranean locations, featuring friendly and hostile insectoid characters and numerous bosses. Players have the opportunity to unlock abilities as they explore, along with pieces of lore and flavour text that are spread throughout the kingdom.", "release_year": 2017, "genre": 3, "publisher": 17, "image": "game_images/Hollow_Knight.png", "link": "https://store.steampowered.com/app/367520/Hollow_Knight/", "platform": [], "players": []}}, {"model": "game.game", "pk": 15, "fields": {"title": "Lost in Random", "description": "Lost in Random is an action-adventure game played from a third-person perspective. Combat happens in arenas that look like a game board. Players must roll Dicey in order to progress and Even will only be safe when she reaches the final piece on the board. In combat, the player can use Even's slingshot. While it does not damage enemies, opponents hit by her slingshot drop energy cubes which fuel Dicey. Once Dicey is fully fueled, players can roll it and time will be temporarily stopped. During this period, players can select the card they want to use, which is the only way to deal damage to enemies. There are five different types of cards (Weapon, Damage, Defense, Hazard, and Cheat), offering different gameplay advantages and combat abilities. For instance, one of the cards turns Dicey into an explosive cube, while another allows players to place traps. Cards can be earned through collecting coins. As players progress, new cards will be earned and they will recover Dicey's lost pips, which would enable Even to roll higher numbers during combat.", "release_year": 2021, "genre": 4, "publisher": 11, "image": "game_images/Lost_in_Random.png", "link": "https://store.steampowered.com/app/1462570/Lost_in_Random/", "platform": [], "players": []}}, {"model": "game.game", "pk": 16, "fields": {"title": "Humankind", "description": "Humankind is a 4X game comparable to the Civilization series. Players lead their civilization across six major eras of human civilization, starting from the nomadic age, directing how the civilization should expand, developing cities, controlling military and other types of units as they interact with other civilizations on the virtual planet, randomly generated at the start of a new game. A distinguishing feature of Humankind is that within each of the eras, the player selects one of ten civilization types based on historical societies; this selection offers both bonuses and penalties to how the player can build out the civilization. Because a player can select different civilizations as templates to build upon, there exist potentially one million different civilization patterns that a player can ultimately develop.", "release_year": 2021, "genre": 1, "publisher": 4, "image": "game_images/Humankind.png", "link": "https://store.steampowered.com/app/1124300/HUMANKIND/", "platform": [], "players": []}}, {"model": "game.game", "pk": 17, "fields": {"title": "The Walking Dead", "description": "The game takes place in the same fictional world as the comic, at the onset of the zombie apocalypse in the state Georgia. Most of the characters are original to the game, which centers on convicted criminal Lee Everett who becomes a protective figure to a young girl, Clementine and must help her find her parents.", "release_year": 2012, "genre": 5, "publisher": 13, "image": "game_images/The_Walking_Dead_The_Game.png", "link": "https://store.steampowered.com/app/207610/The_Walking_Dead/", "platform": [], "players": []}}, {"model": "game.game", "pk": 18, "fields": {"title": "Dark Souls III", "description": "The third and final entry in the Dark Souls series, the game follows an unkindled character on a quest to prevent the end of the world. It is played in a third-person perspective, and players have access to various weapons, armour, magic, and consumables that they can use to fight their enemies.", "release_year": 2016, "genre": 7, "publisher": 18, "image": "game_images/Dark_Souls_III.png", "link": "https://store.steampowered.com/app/374320/DARK_SOULS_III/", "platform": [], "players": []}}, {"model": "game.game", "pk": 19, "fields": {"title": "The Last of Us Part I", "description": "A remake of the 2013 game The Last of Us, it features revised gameplay, including enhanced combat and exploration, and expanded accessibility options. Players control Joel, who is tasked with escorting the young Ellie across a post-apocalyptic United States and defend her against cannibalistic creatures infected by a mutated strain of the Cordyceps fungus. The game includes a remake of the 2014 expansion pack The Last of Us: Left Behind, which follows Ellie and her best friend Riley.", "release_year": 2022, "genre": 3, "publisher": 9, "image": "game_images/The_Last_of_Us.png", "link": "https://store.steampowered.com/app/1888930/____I/", "platform": [], "players": []}}, {"model": "game.game", "pk": 20, "fields": {"title": "Prey", "description": "Prey takes place in an alternate timeline in which an accelerated Space Race resulted in mankind taking to orbital stations far earlier. The player controls Morgan Yu while exploring the space station Talos I, in orbit around Earth–Moon L2, where they were part of a scientific team researching the Typhon, a hostile alien force composed of many forms with both physical and psychic powers, such as shapeshifting into a clone of any inanimate object. As the Typhon escape confinement, the player uses a variety of weapons and abilities, some of which are derived from the Typhon themselves, to survive while looking to escape the station. The player gains access to areas of Talos I by acquiring key items and abilities, eventually allowing the player to explore the station in an open world setting.", "release_year": 2017, "genre": 3, "publisher": 19, "image": "game_images/Prey.png", "link": "https://store.steampowered.com/app/480490/Prey/", "platform": [], "players": []}}, {"model": "game.game", "pk": 21, "fields": {"title": "Resident Evil 7: Biohazard", "description": "Resident Evil 7: Biohazard is a survival horror game viewed from the first-person – the second game in the series and the first main line game to use such a perspective. The player controls new protagonist Ethan Winters as he explores the Baker family's abandoned rural estate in Dulvey, Louisiana, to try and save his wife Mia, solving puzzles and fighting enemies.", "release_year": 2017, "genre": 4, "publisher": 20, "image": "game_images/Resident_Evil_7.png", "link": "https://store.steampowered.com/app/418370/Resident_Evil_7_Biohazard/", "platform": [], "players": []}}, {"model": "game.game", "pk": 22, "fields": {"title": "Desperados III", "description": "Desperados III is a real-time tactics stealth video game, where players need to clear specific objectives while navigating through the vast maps. Players can crouch and hide in bushes to avoid enemies' sight, which is displayed as green cones of vision; if the player is caught by it, the cone will start filling yellow, and if it reaches the player, it'll turn red and the enemy will be alerted of the player's position. It is possible to navigate the map without alerting the enemies.\r\nPlayers can assassinate enemies silently or use environmental kills for accidental deaths. It is possible to complete missions without killing anyone, by knocking out and tying up enemies with ropes. Bodies of dead or incapacitated enemies can be hidden inside bushes, houses, and even inside wells; if those bodies are found by patrolling enemies, they will trigger an alarm that calls for reinforcement.", "release_year": 2020, "genre": 1, "publisher": 12, "image": "game_images/Desperados_III.png", "link": "https://store.steampowered.com/app/610370/Desperados_III/", "platform": [], "players": []}}, {"model": "game.game", "pk": 23, "fields": {"title": "Cities: Skylines", "description": "The game is a single-player open-ended city-building simulation. Players engage in urban planning by controlling zoning, road placement, taxation, public services, and public transportation of an area. They also work to manage various elements of the city, including its budget, health, employment, traffic, and pollution levels. It is also possible to maintain a city in a sandbox mode, which provides more creative freedom for the player.", "release_year": 2015, "genre": 8, "publisher": 1, "image": "game_images/cities.png", "link": "https://store.steampowered.com/app/255710/Cities_Skylines/", "platform": [], "players": []}}, {"model": "game.game", "pk": 24, "fields": {"title": "Until Dawn", "description": "Players assume control of eight young adults who have to survive on Blackwood Mountain when their lives are threatened. The game features a butterfly effect system in which players must make choices that may change the story. All playable characters can survive or die, depending on the choices made. Players explore the environment from a third-person perspective and find clues that may help solve the mystery.", "release_year": 2015, "genre": 5, "publisher": 9, "image": "game_images/Until_Dawn.png", "link": "https://store.steampowered.com/app/2172010/_/", "platform": [], "players": []}}, {"model": "game.game", "pk": 25, "fields": {"title": "Dead Island 2", "description": "Dead Island 2 is a sequel to the 2011 video game Dead Island and the third major installment in the Dead Island series. Like its predecessor, it is an action role-playing game played from a first-person perspective. Dead Island 2 takes place in Los Angeles in the midst of a zombie apocalypse. At the beginning of the game, players have to select from one of six playable characters as their player avatar called a slayer. Each of them has their own unique skills and abilities. They also have to choose from one of two defensive abilities, either learning to block hostile attacks, or dodge them. The game's world is divided into 10 different zones. While the player can freely explore each zone, they must travel between different zones through Zone Exits. As the player progresses in the game, they will also unlock fast travel points, allowing them to travel to different locations quickly.", "release_year": 2023, "genre": 3, "publisher": 10, "image": "game_images/Dead_Island_2.png", "link": "https://store.steampowered.com/app/934700/Dead_Island_2/", "platform": [], "players": []}}, {"model": "game.game", "pk": 26, "fields": {"title": "A Way Out", "description": "A Way Out is a cooperative action-adventure game played from a third-person perspective. It is specifically designed for split-screen cooperative multiplayer, which means that it must be played with another player through either local or online play while both players' screens are displayed next to each other. In the game, players control Leo and Vincent, two convicted prisoners who must break out of prison and stay on the run from authorities. As the story of both protagonists is told simultaneously, their progress may not be synchronized, which may result in one player being able to control their character, while another is watching a cutscene. Players need to cooperate with each other in order to progress, and each situation can be approached differently, with both characters taking different roles.", "release_year": 2018, "genre": 5, "publisher": 11, "image": "game_images/A_Way_Out.png", "link": "https://store.steampowered.com/app/1222700/A_Way_Out/", "platform": [1, 2, 3, 7], "players": []}}, {"model": "game.game", "pk": 27, "fields": {"title": "Elite Dangerous", "description": "Elite Dangerous is an online space flight simulation game. The player commands a spaceship and explores a realistic 1:1 scale, open-world representation of the Milky Way galaxy, with the gameplay being open-ended. The game is the first in the series to attempt massively multiplayer gameplay, with players' actions affecting the narrative story of the game's persistent universe, while also retaining a single-player mode. Players start with a spaceship and a small amount of money in an open galaxy and role-play in various activities to acquire more money and merit. Possible activities include trading, mining, exploration, passenger transportation, bounty hunting, piracy and assassination.", "release_year": 2014, "genre": 8, "publisher": 3, "image": "game_images/Elite_Dangerous.png", "link": "https://store.steampowered.com/app/359320/Elite_Dangerous/", "platform": [], "players": []}}, {"model": "game.game", "pk": 28, "fields": {"title": "Planet Zoo", "description": "Planet Zoo tasks players with building a zoo, with 76 animal species in the base game and 111 new species available through 17 separate downloadable content packs. Animals, controlled by artificial intelligence, behave similarly to their real-life counterparts. For instance, wolves adopt a pack mentality and animals of the African plains (such as elephants, giraffe, zebras, wildebeest, and buffalo) can live together in a single mixed-species habitat. Each species has its own requirements and needs that players must satisfy through creation of a suitable exhibit environment and adequate behavioral enrichment. Each animal has their own genome within the game's breeding system, which reflect its life expectancy, size, health, and fertility and can be passed down through offspring. As such, elements such as inbreeding may have negative consequences on progeny.", "release_year": 2019, "genre": 8, "publisher": 3, "image": "game_images/Planet_Zoo.png", "link": "https://store.steampowered.com/app/703080/Planet_Zoo/", "platform": [], "players": []}}, {"model": "game.game", "pk": 29, "fields": {"title": "Jurassic World Evolution", "description": "Jurassic World Evolution is a business simulation game that allows the player to construct a Jurassic World dinosaur theme park with attractions and research facilities. Players must build an Expedition Center, which sends paleontologists to fossil dig sites to obtain dinosaurs' DNA material.DNA sequencing, which can be done in the Fossil Center unlocks new dinosaurs and updates their statistics, such as lifespan and resilience. With enough DNA content, players can use the Hammond Creation Lab to breed and incubate dinosaurs. Players can also improve the dinosaurs' genes by integrating DNA from modern species with that of the dinosaurs to fill their gaps and allow them to evolve. Modifications to the dinosaurs' DNA change their base statistics, as well as everything from their level of aggressiveness to their appearance. The game features a terrain tool which allows players to modify the environment by planting trees and creating water sources. Dinosaurs are the game's main attraction and income earner, although money can also be earned through selling products in stores and guests staying at hotels.", "release_year": 2018, "genre": 8, "publisher": 3, "image": "game_images/jurassic_world_evolution.png", "link": "https://store.steampowered.com/app/648350/Jurassic_World_Evolution/", "platform": [], "players": []}}, {"model": "game.game", "pk": 30, "fields": {"title": "Aliens vs. Predator", "description": "There are three campaigns in the game, one for each race/faction (the Colonial Marines, the Aliens, and the Predators), that, while separate in terms of individual plot and gameplay, form one overarching storyline. Following the storyline of the campaign modes comes the multiplayer aspect of the game. In this Multiplayer section of the game, players face off in various game types in various ways.", "release_year": 2010, "genre": 3, "publisher": 4, "image": "game_images/Aliens_vs._Predator.png", "link": "https://store.steampowered.com/app/10680/Aliens_vs_Predator/", "platform": [], "players": []}}, {"model": "game.game", "pk": 31, "fields": {"title": "Bayonetta", "description": "Bayonetta takes place in Vigrid, a fictional city in Europe. The game stars the eponymous character, a witch who is capable of shapeshifting and using various firearms. She possesses magical attacks and she can use her hair to summon demons to dispatch her foes.The game features a rating system, which gives players a grade based on their performance, and a combat system. Bayonetta feature an arena based ranking system, which judges players based on variables such as time, combo size and damage at the end of each individual fight which then gets tallied up at the end of each chapter to determine the final rank.", "release_year": 2017, "genre": 4, "publisher": 4, "image": "game_images/Bayonetta.png", "link": "https://store.steampowered.com/app/460790/Bayonetta/", "platform": [], "players": []}}, {"model": "game.game", "pk": 32, "fields": {"title": "Binary Domain", "description": "The game is set in a world where global warming has caused worldwide flooding, leaving much of the world uninhabitable. As a result, robots were used as the main labor force. The game features a consequence system, which decides how non-playable characters in the squad view and trust the player in story mode. The game also features seven different multiplayer modes, with five classes being available for players to choose.", "release_year": 2012, "genre": 3, "publisher": 4, "image": "game_images/Binary_Domain.png", "link": "https://store.steampowered.com/app/203750/Binary_Domain/", "platform": [], "players": []}}, {"model": "game.game", "pk": 33, "fields": {"title": "Company of Heroes 2", "description": "Company of Heroes 2 is a real-time strategy video game. It is the sequel to the 2006 game Company of Heroes. As with the original Company of Heroes, the game is set in World War II but with the focus on the Eastern Front, with players primarily controlling the side of the Soviet Red Army during various stages of the Eastern Front, from Operation Barbarossa to the Battle of Berlin.", "release_year": 2013, "genre": 1, "publisher": 4, "image": "game_images/Company_of_Heroes_2.png", "link": "https://store.steampowered.com/app/231430/Company_of_Heroes_2/", "platform": [], "players": []}}, {"model": "game.game", "pk": 34, "fields": {"title": "Company of Heroes 3", "description": "In Company of Heroes 3, the players take the role of Allied Forces during their invasion of Italy and Axis forces in the North African campaign.The game has features new to the series such as the Tactical Pause system, which allows the player to pause a battle and queue up commands to be done after the game is resumed. Company of Heroes 3 also has an improved destruction system that gives the title more granular destruction, such as individual tiles and bricks crumbling off buildings. Italian Partisans are allied NPCs that can either be used on the map or be called in during battles. The story is dynamic, and the player's interactions with the game's various commanders can affect the narrative's ending.", "release_year": 2023, "genre": 1, "publisher": 4, "image": "game_images/Company_of_Heroes_3.png", "link": "https://store.steampowered.com/app/1677280/Company_of_Heroes_3/", "platform": [], "players": []}}, {"model": "game.game", "pk": 35, "fields": {"title": "Endless Legend", "description": "Endless Legend is a turn-based 4X strategy game, in which players take control of a fantasy faction to establish an empire through exploration, conquest, diplomacy and research. The game is set in the land of Auriga, with the layout of its landmass and ecosystems being randomized per game, represented on a model-like map made up of a hexagonal grid. The map is populated with a variety of terrain, each made up of biomes within the world which have effects on the player's units. Tiles and their layout are all randomly generated to create a unique playable world with each separate playthrough. Fog of war covers the play space requiring exploration by the player's units to find resources, minor factions, and races that players must utilize and exploit to benefit their growing empires.", "release_year": 2014, "genre": 1, "publisher": 4, "image": "game_images/Endless_Legend.png", "link": "https://store.steampowered.com/app/289130/ENDLESS_Legend/", "platform": [], "players": []}}, {"model": "game.game", "pk": 36, "fields": {"title": "ENDLESS Space 2", "description": "Endless Space 2 is set in a universe that was long ago dominated by a powerful race called the Endless. Inquisitive and dedicated, the Endless were able to make great advances in the fields of science, which culminated in them achieving virtualization, allowing them to upload their minds into machines and giving them eternal life. This created a great schism in their society, splitting it into two opposing factions, the Virtuals, who embraced electronic immortality, and the Concretes, who viewed it as an abomination. The quarrels quickly grew into an open war, called the Dust Wars, which essentially destroyed their society, leaving but a few splintered surviving individuals. Tens of thousands of years after the demise of the Endless, the galaxy is yet again thriving with life capable of interstellar travel, picking at the remains of the once great Endless empire. The player takes control of one of the 12 major factions, \"each with their own asymmetrical gameplay, storyline, homeworlds, spaceships, heroes and technologies\".", "release_year": 2017, "genre": 1, "publisher": 4, "image": "game_images/ENDLESS_Space_2.png", "link": "https://store.steampowered.com/app/392110/ENDLESS_Space_2/", "platform": [], "players": []}}, {"model": "game.game", "pk": 37, "fields": {"title": "Football Manager 2020", "description": "The game offers playable teams in 53 countries across five continents: Africa, Asia, Europe, North America and South America. Coverage is heavily slanted towards European teams, with 34 of its 51 constituent countries having playable leagues, while South Africa is the only country of Africa's total 54 that is covered. There are 118 leagues in this version. The new additions are the Canadian Premier League, the Gibraltar National League, the Gibraltar national team and the two new Welsh second-tier divisions, Cymru North and Cymru South.", "release_year": 2019, "genre": 9, "publisher": 4, "image": "game_images/Football_Manager_2020.png", "link": "https://store.steampowered.com/app/1100750/Football_Manager_2020_Ingame_Editor/", "platform": [], "players": []}}, {"model": "game.game", "pk": 38, "fields": {"title": "Football Manager 2021", "description": "FM21's headline features cover a number of key areas of the game including the interaction system, matchday experience and the recruitment module. There are new communication methods, including gestures, and new interaction options between the manager, their players and the media. There are new presentation elements before, during and after a match and an overhaul to the match engine AI. Expected goals (or xG) makes its debut in the series as part of a wider suite of data analysis changes through an xG model, built by Sports Interactive in partnership with SciSports. Trophy presentations have been revamped too. Managers can also take more control of their club's recruitment strategy with a new recruitment meeting.", "release_year": 2020, "genre": 9, "publisher": 4, "image": "game_images/Football_Manager_2021.png", "link": "https://store.steampowered.com/app/1275920/Football_Manager_2021_Ingame_Editor/", "platform": [], "players": []}}, {"model": "game.game", "pk": 39, "fields": {"title": "Football Manager 2022", "description": "Football Manager 2022 comes with a variety of new features including a revamp of the data system with the introduction of the Data Hub which gives players information about match momentum, pass maps and the ability to request a data analyst to compile specific pieces of information. Additionally, the match engine is tweaked (in common with each edition). The new role of wide centre-back is added, which emulates the tactical style of Thomas Tuchel's Chelsea F.C. There is a new staff meeting system, with nearly 4000 new dialogue options introduced and the ability to explore a wider range of topics.", "release_year": 2021, "genre": 9, "publisher": 4, "image": "game_images/Football_Manager_2022.png", "link": "https://store.steampowered.com/app/1635960/Football_Manager_2022_Ingame_Editor/", "platform": [], "players": []}}, {"model": "game.game", "pk": 40, "fields": {"title": "Football Manager 2024", "description": "For the first time in the series, players can transfer their save files over from the previous game. Therefore, plays can transfer their save files from Football Manager 2023 and continue playing them in 2024. This feature will also continue in future games, allowing 2024 save files to be played in Football Manager 2025. Those using this feature will be unable to unlock Achievements, however.", "release_year": 2023, "genre": 9, "publisher": 4, "image": "game_images/Football_Manager_2024.png", "link": "https://store.steampowered.com/app/2252570/Football_Manager_2024/", "platform": [], "players": []}}, {"model": "game.game", "pk": 41, "fields": {"title": "Like a Dragon Gaiden: The Man Who Erased His Name", "description": "Like a Dragon Gaiden: The Man Who Erased His Name is a spin-off of the Like a Dragon series. Taking place during the events of Yakuza: Like a Dragon (2020), Like a Dragon Gaiden focuses on the series' original protagonist, Kazuma Kiryu, as he embarks on a new adventure in Osaka under the guise of a secret agent. Players control Kazuma Kiryu as they explore the Sotenbori district of Osaka. The Isezaki Ijincho district of Yokohama, a location prominently featured in Yakuza: Like a Dragon and Lost Judgment, is also partially available during the first chapter of the story. A third location, known as the Castle, is a hub area where players can participate in side activities. Minigames such as karaoke, Pocket Circuit racing, cabaret club, and fighting arena also return. A new character named Akame acts as an informant, providing Kiryu with sub-missions.", "release_year": 2023, "genre": 4, "publisher": 4, "image": "game_images/Like_a_Dragon_Gaiden_The_Man_Who_Erased_His_Name.png", "link": "https://store.steampowered.com/app/2375550/Like_a_Dragon_Gaiden_The_Man_Who_Erased_His_Name/", "platform": [], "players": []}}, {"model": "game.game", "pk": 42, "fields": {"title": "Like a Dragon: Infinite Wealth", "description": "Infinite Wealth stars Ichiban Kasuga, protagonist of Yakuza: Like a Dragon, and Kazuma Kiryu, the original protagonist of the series, and takes place in the franchise's first-ever overseas locale, Hawaii, in addition to familiar settings in Japan. Together with old and new allies, Kasuga and Kiryu team up to help the former find and reunite with his mother in Hawaii, while the latter struggles to survive with cancer.", "release_year": 2024, "genre": 4, "publisher": 4, "image": "game_images/Like_a_Dragon_Infinite_Wealth.png", "link": "https://store.steampowered.com/app/2072450/Like_a_Dragon_Infinite_Wealth/", "platform": [], "players": []}}, {"model": "game.game", "pk": 43, "fields": {"title": "Persona 4 Golden", "description": "Persona 4 takes place in a fictional Japanese countryside and is indirectly related to earlier Persona games. The player-named protagonist is a high-school student who moved into the countryside from the city for a year. During his year-long stay, he becomes involved in investigating mysterious murders with a group of friends while harnessing the power to summon physical manifestations of their psyches known as a Persona.", "release_year": 2020, "genre": 7, "publisher": 4, "image": "game_images/Persona_4_Golden.png", "link": "https://store.steampowered.com/app/1113000/Persona_4_Golden/", "platform": [1, 2, 3, 4, 8, 9], "players": []}}, {"model": "game.game", "pk": 44, "fields": {"title": "Persona 5 Tactica", "description": "Persona 5 Tactica takes place concurrently with the events of Persona 5 (2016), depicting the Phantom Thieves of Hearts as they are transported to an alternate world overcome with war and oppression, prompting an alliance with a group of freedom fighters known as the Rebel Corps to stage a revolution against the enemies known as the Legionnaires while uncovering the truth of its mysterious origins. Gameplay encompasses standard conventions of strategy RPGs, including grid-based navigation, a weapon affinity system, and turn-based combat, while employing several staple gameplay mechanics from the series such as Persona summoning and fusion, and elemental affinities.", "release_year": 2023, "genre": 7, "publisher": 4, "image": "game_images/Persona_5_Tactica.png", "link": "https://store.steampowered.com/app/2254740/Persona_5_Tactica/", "platform": [], "players": []}}, {"model": "game.game", "pk": 45, "fields": {"title": "Persona 5 Royal", "description": "Taking place in modern-day Tokyo, the story follows a high school student known by the codename Joker who transfers to a new school after he is falsely accused of assault and put on probation. Over the course of a school year, he and other students awaken to a special power, becoming a group of secret vigilantes known as the Phantom Thieves of Hearts. They explore the Metaverse, a supernatural realm born from humanity's subconscious desires, to steal malevolent intent from the hearts of adults and change their hearts. As with previous games in the series, the party battles enemies known as Shadows using physical manifestations of their psyche known as Personas. The game incorporates role-playing and dungeon crawling elements alongside social simulation scenarios.", "release_year": 2019, "genre": 7, "publisher": 4, "image": "game_images/Persona_5_Royal.png", "link": "https://store.steampowered.com/app/1687950/Persona_5_Royal/", "platform": [], "players": []}}, {"model": "game.game", "pk": 46, "fields": {"title": "Two Point Campus", "description": "In Two Point Campus, the player must build and manage a university campus. The player must build various educational rooms such as classrooms, lecture halls and libraries, as well as organizing different cultural events and extra-curricular activities. The player also must appoint staff, such as lecturers, teaching assistants and janitors. In addition to maintaining the operation of the campus, the player will also need to take care of the well-being of the students. If a student enjoys their nightlife too much, they may not attend classes in the following day. The pupils fall into different archetypes, and their personalities are procedurally generated.", "release_year": 2022, "genre": 1, "publisher": 4, "image": "game_images/Two_Point_Campus.png", "link": "https://store.steampowered.com/app/1649080/Two_Point_Campus/", "platform": [], "players": []}}, {"model": "game.game", "pk": 47, "fields": {"title": "Frostpunk", "description": "Frostpunk is a city-building survival game. Players take on the role of a leader in an alternate history late 19th century, in which they must build and maintain a city during a worldwide volcanic winter, managing resources, making choices on how to survive, and exploring the area outside their city for survivors, resources, or other useful items. The game features several scenarios to undertake, each with their own stories and different challenges.", "release_year": 2018, "genre": 1, "publisher": 7, "image": "game_images/Frostpunk.png", "link": "https://store.steampowered.com/app/323190/Frostpunk/", "platform": [], "players": []}}, {"model": "game.game", "pk": 48, "fields": {"title": "The Invincible", "description": "The game is an adventure video game played from a first-person perspective. In the game, the player assumes control of astrobiologist Yasna, who must explore the planet Regis III for her missing crewmates while facing an unknown threat. Yasna has access to several tools, such as a scanner and a handheld telescope that can be used to identify objects and aid her survival in the alien landscape.", "release_year": 2023, "genre": 4, "publisher": 7, "image": "game_images/The_Invincible.png", "link": "https://store.steampowered.com/app/731040/The_Invincible/", "platform": [], "players": []}}, {"model": "game.game", "pk": 49, "fields": {"title": "Frostpunk 2", "description": "Like its predecessor, Frostpunk 2 is a city-building survival video game. Set in New London 30 years after the \"Great Storm\" of the original game, the game explores the consequences of the advent of the petroleum industry and players assume the role of the city's new leader, called \"the Steward\", replacing the now deceased \"Captain\", who was the player character of the original game. The city is struggling with overpopulation, food and coal shortages, among other issues. Unlike the original game, Frostpunk 2 allows players to build a much larger city. Players can now construct districts instead of individual buildings. Each district serves a particular function, such as providing food, energy, or shelter. Specific buildings can be placed in each district to unlock additional functions. Each district, however, also costs players resources, and players need to plan the design of their cities before expanding.", "release_year": 2024, "genre": 8, "publisher": 7, "image": "game_images/Frostpunk_2.png", "link": "https://store.steampowered.com/app/1601580/Frostpunk_2/", "platform": [], "players": []}}, {"model": "game.game", "pk": 50, "fields": {"title": "Aquanox Deep Descent", "description": "Aquanox Deep Descent is an underwater first-person shooter where players control a variety of ships and fight in furious battles in the depths of the ocean in the dystopian world of Aqua. Life on the surface of the Earth has become impossible. The remnants of humanity are huddled in former mining and research stations located deep under the sea. Factions formed in a network of underwater colonies, whose inhabitants know no other life, are waging a war for resources and power. Lead a team of trained attack pilots and begin an incredible journey through the dark world of Aquanox. Send enemies towards Davy Jones with targeted strikes from torpedoes, shrapnel explosions, mines and other weapons. You have to cross all the oceans of the world and descend into the deepest fissures of the Earth.", "release_year": 2020, "genre": 4, "publisher": 12, "image": "game_images/Aquanox.png", "link": "https://store.steampowered.com/app/254370/Aquanox_Deep_Descent/", "platform": [], "players": []}}, {"model": "game.game", "pk": 51, "fields": {"title": "Biomutant", "description": "Biomutant is an action role-playing game set in an open world environment and played from a third-person perspective in which the player takes control of a mammalian warrior in a world filled with mutated animals. Players customize their character including length, body shape and thickness, fur, fangs, and many other attributes that can be tweaked and all have direct impact on the statistics of the playable character during gameplay. Throughout the game, players can change their abilities, looks by mutations, and apply upgrades to their robotic companion, which can be used to get various advantages against certain enemies or at certain locations. The story is mission-based and mission lines are character-based. Certain characters will provide the player quest lines that are emanating from their area. The more the player interacts with this character, the wider the arc of that specific area becomes.", "release_year": 2021, "genre": 3, "publisher": 12, "image": "game_images/Biomutant.png", "link": "https://store.steampowered.com/app/597820/BIOMUTANT/", "platform": [], "players": []}}, {"model": "game.game", "pk": 52, "fields": {"title": "Darksiders", "description": "Darksiders is set on a post-apocalyptic Earth, where mankind faces near-extinction and angels fight a losing battle against the demon hordes for control over the world. Among them are the Four Horsemen of the Apocalypse, the last of the Nephilim who are tasked to bring balance to the universe.", "release_year": 2010, "genre": 5, "publisher": 12, "image": "game_images/Darksiders.png", "link": "https://store.steampowered.com/app/50620/Darksiders/", "platform": [], "players": []}}, {"model": "game.game", "pk": 53, "fields": {"title": "Darksiders 2", "description": "It is the sequel to Darksiders. The story follows the efforts of player character Death to clear the name of his brother, War, who stands accused of wiping out humanity. Players take control of Death, one of the Four Horsemen of the Apocalypse. The core gameplay is an action role-playing hack and slash style. The game makes frequent use of interactive puzzle elements, requiring the player to think their way through a series of levers, doors, elevators, portals, etc. in order to traverse areas and reach objectives. Which most of the time requires a key or a specific power to pass through.", "release_year": 2012, "genre": 3, "publisher": 12, "image": "game_images/Darksiders_2.png", "link": "https://store.steampowered.com/app/388410/Darksiders_II_Deathinitive_Edition/", "platform": [], "players": []}}, {"model": "game.game", "pk": 54, "fields": {"title": "Darksiders 3", "description": "Darksiders III departs from the gameplay of the previous entries and incorporates elements from Metroidvanias and Soulslikes. Taking place before the first Darksiders game, the player controls Fury, one of the Four Horsemen of the Apocalypse, in her quest to capture the seven deadly sins which have taken corporeal form and escaped imprisonment. In their quest, players can use a variety of melee and magical weapons and gain experience points and currency to upgrade Fury's powers and weapons.", "release_year": 2018, "genre": 3, "publisher": 12, "image": "game_images/Darksiders_3.png", "link": "https://store.steampowered.com/app/606280/Darksiders_III/", "platform": [], "players": []}}, {"model": "game.game", "pk": 55, "fields": {"title": "Darksiders Genesis", "description": "Darksiders Genesis introduces the fourth Horseman of the Apocalypse, Strife, as the protagonist. Strife can also team up with his brother, War. After the Four Horsemen have attacked and decimated the Nephilim in Eden, they are summoned by the Charred Council. The Council suspects that the demon king Lucifer is planning something with Samael to upset the Balance and orders War and Strife to investigate. After invading Samael's keep, they find it under attack from another Master of Hell, albeit a lesser one: Moloch. Samael informs them that he is not in league with Lucifer and the current attack on him is the result of that. Before he can say anything else, Moloch attacks and Samael teleports the Horsemen to the Void to find and talk to his associate.", "release_year": 2019, "genre": 3, "publisher": 12, "image": "game_images/Darksiders_Genesis.png", "link": "https://store.steampowered.com/app/710920/Darksiders_Genesis/", "platform": [], "players": []}}, {"model": "game.game", "pk": 56, "fields": {"title": "Destroy All Humans!", "description": "Destroy All Humans! is set in the United States in the early 1950s and consists of six settings; Turnipseed Farm (a Southern farm community in Tennessee), Rockwell (a Nebraska town), Santa Modesta (a parody of Santa Monica), Area 42 (a parody of Area 51 but based in New Mexico instead), Union Town (an Eastern seaboard industrial city) and Capitol City (a parody of Washington, D.C.). All buildings and structures in these environments can be destroyed (save for trees and rocks), and humans can become alarmed by Crypto's presence at these locations. While some run or hide, others are armed and fight back. An alert system, much like Grand Theft Auto's \"wanted level,\" denotes how much attention Crypto has attracted. Depending on the alert level, police, military, and eventually the Majestic will attempt to defend civilians from Crypto. The hub of the game is the Furon mothership in orbit around Earth, which vaguely resembles the Alien mothership from Close Encounters of the Third Kind.", "release_year": 2020, "genre": 5, "publisher": 12, "image": "game_images/Destroy_All_Humans.png", "link": "https://store.steampowered.com/app/803330/Destroy_All_Humans/", "platform": [], "players": []}}, {"model": "game.game", "pk": 57, "fields": {"title": "ELEX", "description": "The game has been described as an \"edgy, dark, uncompromising, and complex\" post-apocalyptic sci-fi role-playing game where the protagonist joins the war for the powerful resource, \"ELEX\", which gives people magic-like powers. The game world is a mix of futuristic and medieval locations, in which the player can use guns, swords and magic against enemies. ELEX is the story of the planet Magalan, which was hit by a comet which brought not only mass destruction for its civilization, but also a mysterious and extremely powerful resource called Elex. The few survivors organised themselves in factions, each with a different vision of the future and distinct ways of using Elex.", "release_year": 2017, "genre": 7, "publisher": 12, "image": "game_images/ELEX.png", "link": "https://store.steampowered.com/app/411300/ELEX/", "platform": [], "players": []}}, {"model": "game.game", "pk": 58, "fields": {"title": "ELEX II", "description": "ELEX 2 is an action role-playing video game. It is the sequel to ELEX, and players control the same protagonist, Jax. They must unite the world against a new threat: invading aliens.", "release_year": 2022, "genre": 7, "publisher": 12, "image": "game_images/ELEX_II.png", "link": "https://store.steampowered.com/app/900040/ELEX_II/", "platform": [], "players": []}}, {"model": "game.game", "pk": 59, "fields": {"title": "Cyberpunk 2077", "description": "Cyberpunk 2077 is an action role-playing video game based on Mike Pondsmith's Cyberpunk tabletop game series. The plot is set in the fictional metropolis of Night City, California, within the dystopian Cyberpunk universe. The player assumes the role of V (voiced by Gavin Drea/Cherami Leigh), a mercenary who accidentally gets imbued with a cybernetic \"bio-chip\" containing an engram of legendary rockstar and terrorist Johnny Silverhand (voiced by Keanu Reeves). As Johnny’s behaviour and memories begin overwriting V’s own, the two must work together to separate from each other and save V's life.", "release_year": 2020, "genre": 7, "publisher": 8, "image": "game_images/Cyberpunk_2077.png", "link": "https://store.steampowered.com/app/1091500/Cyberpunk_2077/", "platform": [], "players": []}}, {"model": "game.game", "pk": 60, "fields": {"title": "GWENT:Rogue Mage", "description": "GWENT: Rouge Mage is a single-player add-on for “GWENT: The Witcher. Card game\". Hundreds of years before Geralt and the other witchers appeared on the continent, the world was overrun by countless monsters due to the Conjugation of the Spheres. People were desperately looking for a way to deal with them. Follow the path of the young, purposeful sorcerer Alzur and his companion Lily, who will have to create living weapons against monsters and put an end to them once and for all.", "release_year": 2022, "genre": 2, "publisher": 8, "image": "game_images/gwent.png", "link": "https://store.steampowered.com/app/1711950/_/", "platform": [], "players": []}}, {"model": "game.game", "pk": 61, "fields": {"title": "The Wolf Among Us", "description": "The Wolf Among Us is an episodic graphic neo-noir mystery-drama adventure game. In the game, the player controls Bigby Wolf, the sheriff of Fabletown – a clandestine community within 1980s New York City consisting of various fantastical characters from fairy tales and folklore – and must investigate a series of mysterious murders, the first ones to occur in Fabletown in a long time.", "release_year": 2013, "genre": 5, "publisher": 13, "image": "game_images/The_Wolf_Among_Us.png", "link": "https://store.steampowered.com/app/250320/The_Wolf_Among_Us/", "platform": [], "players": []}}, {"model": "game.game", "pk": 62, "fields": {"title": "7 Days To Die", "description": "The game's events take place during a nuclear attack in the Third World War, which destroyed an extremely large part of the world, except for some areas such as the fictional county of Navezgane, Arizona. The player is a survivor of the war who must survive by finding shelter, food and water, as well as scavenging supplies to fend off the numerous zombies (hinted to be the consequence of nuclear fallout, a new strain of flu, or both) that populate Navezgane.", "release_year": 2013, "genre": 5, "publisher": 13, "image": "game_images/7_Days_To_Die.png", "link": "https://store.steampowered.com/app/251570/7_Days_to_Die/", "platform": [1, 2, 3], "players": []}}, {"model": "game.game", "pk": 63, "fields": {"title": "Immortals Fenyx Rising", "description": "Immortals is an action-adventure game played from a third-person perspective. The player can customize the gender, voice, and the appearance of Fenyx. After unlocking the Hall of Gods, the player can use Aphrodite's Beauty Chair to make further changes at any point in the game. The game is set on the Golden Isle, a large open world consisting of seven distinct regions inspired by Greek mythology. The player is accompanied by Phosphor, a bird who can identify locations of interest on the map. Fenyx can traverse the world quickly through climbing cliffs, riding on a mount, and flying using the wings of Daedalus. The full open world is accessible from the start of the game.[3] As players explore the world, they encounter rifts which teleport them to the Vaults of Tartaros, which are a series of platforming challenges that require players to utilize both Fenyx's combat and traversal abilities. Players can complete various side-objectives and optional puzzles.", "release_year": 2020, "genre": 5, "publisher": 14, "image": "game_images/Immortals.png", "link": "https://store.steampowered.com/app/2221920/Immortals_Fenyx_Rising/", "platform": [], "players": []}}, {"model": "game.game", "pk": 64, "fields": {"title": "Assassin's Creed Valhalla", "description": "Principally set in the years 872–878 AD, the game recounts a fictional story during the Viking expansions into the British Isles. Players control Eivor Varinsdottir, a Viking raider who, while attempting to establish a new Viking clan in England, becomes embroiled in the centuries-old conflict between the Assassin Brotherhood, who fight for peace and liberty, and the Templar Order, who desire peace through control.[c] The game also includes a framing story, set in the 21st century, which follows Layla Hassan, an Assassin who relives Eivor's memories so as to find a way to save the Earth from destruction.", "release_year": 2020, "genre": 7, "publisher": 14, "image": "game_images/Assassins_Creed_Valhalla.png", "link": "https://store.steampowered.com/app/2208920/Assassins_Creed_Valhalla/", "platform": [], "players": []}}, {"model": "game.game", "pk": 65, "fields": {"title": "Child of Light", "description": "The game's story takes place in the fictional land of Lemuria. Aurora, a child who wakes up in Lemuria after dying from a mysterious illness, must bring back the sun, the moon, and the stars that are all being held captive by the Queen of the Night in order to return home.", "release_year": 2014, "genre": 6, "publisher": 14, "image": "game_images/Child_of_Light.png", "link": "https://store.steampowered.com/app/256290/Child_of_Light/", "platform": [], "players": []}}, {"model": "game.game", "pk": 66, "fields": {"title": "Tom Clancy’s The Division", "description": "Tom Clancy's The Division is an online-only action role-playing video game. It is set in a near future New York City in the aftermath of a viral pandemic; the player, a Special Agent of the Strategic Homeland Division, is tasked with helping the group rebuild its operations in Manhattan, investigate the nature of the outbreak, and combat criminal activity in its wake. The Division is structured with elements of role-playing games, as well as cooperative and player versus player online multiplayer.", "release_year": 2016, "genre": 3, "publisher": 14, "image": "game_images/Tom_Clancys_The_Division.png", "link": "https://store.steampowered.com/app/365590/Tom_Clancys_The_Division/", "platform": [], "players": []}}, {"model": "game.game", "pk": 67, "fields": {"title": "Tom Clancy's The Division 2", "description": "Played from a third-person perspective, The Division 2 is a cover-based third-person shooter with up to four players being able to complete missions together. The game takes place in Washington, D.C., seven months after its predecessor, in which a civil war between survivors and villainous bands of marauders breaks out. In the beginning of the game, players create their own Division agent by customizing the character's gender and appearance. In the game, players are equipped with different firearms, including assault rifles, sniper rifles and submachine guns, and explosives like grenades to defeat enemies.", "release_year": 2019, "genre": 3, "publisher": 14, "image": "game_images/Tom_Clancys_The_Division_2.png", "link": "https://store.steampowered.com/app/2221490/Tom_Clancys_The_Division_2/", "platform": [], "players": []}}, {"model": "game.game", "pk": 68, "fields": {"title": "Far Cry Primal", "description": "It is the tenth installment in the Far Cry series. Set during prehistoric times, the game follows the story of Takkar, who starts off as an unarmed hunter but will rise to become the leader of a tribe, using his special gift of taming animals. Primal adapts the traditional Far Cry formula to its prehistoric setting, replacing modern firearms with primitive weapons like spears, clubs, and bows and arrows, and allowing players to summon animal companions during battles. Everyday survival is a key aspect of the gameplay, as players have to watch out for both natural predators and rival tribesmen.", "release_year": 2016, "genre": 4, "publisher": 14, "image": "game_images/Far_Cry_Primal.png", "link": "https://store.steampowered.com/app/371660/Far_Cry_Primal/", "platform": [], "players": []}}, {"model": "game.game", "pk": 69, "fields": {"title": "Far Cry New Dawn", "description": "Set seventeen years after one of the endings of Far Cry 5 which saw the fictional Hope County, Montana being devastated by a nuclear exchange known as \"the Collapse\", the game follows a group of survivors as they attempt to rebuild their community and defeat a gang of vicious bandits. Players assume the role of an unnamed security captain who, like Far Cry 5's deputy sheriff, is silent and highly customizable. New Dawn features most of the pre-existing gameplay elements of the series, including a large open world, capturing of outposts, and AI or co-op companions; it also introduces several elements from RPG gameplay, such as an upgradeable home base and increased reliance on crafting from limited supplies.", "release_year": 2019, "genre": 4, "publisher": 14, "image": "game_images/Far_Cry_New_Dawn.png", "link": "https://store.steampowered.com/app/939960/Far_Cry_New_Dawn/", "platform": [], "players": []}}, {"model": "game.game", "pk": 70, "fields": {"title": "Scott Pilgrim vs. The World: The Game", "description": "Loosely following the story of the graphic novels, up to four players can play as Scott Pilgrim, Ramona Flowers, Kim Pine or Stephen Stills, along with the unlockable character NegaScott and the downloadable characters Knives Chau and Wallace Wells, who must battle through seven levels in order to defeat Ramona's seven evil exes. Characters have their own individual movesets, which can be expanded upon by gaining enough experience, and are also able to use weapons.", "release_year": 2021, "genre": 2, "publisher": 14, "image": "game_images/Scott_Pilgrim_vs._The_World_The_Game.png", "link": "https://store.steampowered.com/app/2215260/Scott_Pilgrim_vs_The_World_The_Game__Complete_Edition/", "platform": [], "players": []}}, {"model": "game.game", "pk": 71, "fields": {"title": "Avatar: Frontiers of Pandora", "description": "The single-player campaign has a first-person perspective to control a Na'vi orphan. Pandora is a large open world divided into three distinct regions, each with unique biomes, quests, and inhabitants. The character had been raised and trained as a soldier by the Resources Development Administration (RDA), was put into suspended animation, and awakened sixteen years later in an abandoned facility. The player journeys across the Western Frontier, a previously unseen region of Pandora, discovering the character's origins, and organizing the local Na'vi tribes to fight back against the RDA as they attempt to exploit the natural resources of the Western Frontier.", "release_year": 2022, "genre": 4, "publisher": 14, "image": "game_images/Avatar_Frontiers_of_Pandora.png", "link": "https://store.steampowered.com/app/2840770/Avatar_Frontiers_of_Pandora/", "platform": [], "players": []}}, {"model": "game.game", "pk": 72, "fields": {"title": "Watch Dogs: Legion", "description": "Set within a fictionalised representation of a futuristic, dystopian London, the game's story follows the hacker syndicate DedSec as they seek to clear their names after being framed for a series of terrorist bombings. While searching for the true culprits, DedSec also attempt to liberate London's citizens from the control of Albion, an oppressive private military company that has turned the city into a surveillance state following the bombings. While the core gameplay is similar to its predecessors, consisting of a combination of shooting, driving, stealth, and hacking puzzles, Legion introduces a multiple playable characters system, allowing players to recruit virtually any non-player character found in the game's open world", "release_year": 2020, "genre": 5, "publisher": 14, "image": "game_images/Watch_Dogs_Legion.png", "link": "https://store.steampowered.com/app/2239550/Watch_Dogs_Legion/", "platform": [], "players": []}}, {"model": "game.game", "pk": 73, "fields": {"title": "Chorus", "description": "Chorus is a space combat video game played from a third-person perspective. The game's protagonist, Nara, pilots a sentient starcraft known as Forsaken. Forsaken can be armed with a variety of weapons such as missile launchers, gatling guns and laser cannons. Forsaken also has three slots for mods, which can be used to alter the ship's performance in combat. The game is set in an open world, and the players can complete various optional quests. As Nara explores the world, she will encounter various ancient temples. Upon exploring these temples and solving puzzles, Nara will gain aether powers that grant her new combat abilities.", "release_year": 2021, "genre": 3, "publisher": 10, "image": "game_images/chorus.png", "link": "https://store.steampowered.com/app/1153640/Chorus/", "platform": [], "players": []}}, {"model": "game.game", "pk": 74, "fields": {"title": "Maneater", "description": "The game is an action role-playing game played from a third-person perspective. The player assumes control of a baby bull shark who must take revenge on a shark hunter named Scaly Pete, who killed its mother and disfigured it. The shark has several basic attacks, including charging into enemies, siloing out of the water and whipping enemies with its tail to stun them. It can also use its surroundings for combat advantages, such as using a swordfish as a spear. The shark needs to hunt and consume other aquatic wildlife such as fish and turtles in order to obtain nutrients, namely proteins, fats, minerals and rare mutagenics. Players can attack humans by wreaking havoc along the coast, destroying yachts and ships, and knocking people off jet skis. As the player gains enough nutrients, the shark must enter underwater grottos to unlock abilities and increase in size, which allows it to take on larger and deadlier creatures. Over time, the shark will slowly evolve into an adult \"mega\" shark while players can acquire advanced upgrades and customization options such as external bone plates, shadow armor, and bioelectric spikes to further enhance the shark's combat abilities.", "release_year": 2020, "genre": 7, "publisher": 10, "image": "game_images/Maneater.png", "link": "https://store.steampowered.com/app/629820/Maneater/", "platform": [], "players": []}}, {"model": "game.game", "pk": 78, "fields": {"title": "Portal", "description": "Portal is a 2007 puzzle-platform game developed and published by Valve. It was released in a bundle, The Orange Box, for Windows, Xbox 360 and PlayStation 3, and has been since ported to other systems, including Mac OS X, Linux, Android (via Nvidia Shield), and Nintendo Switch.\r\n\r\nPortal consists primarily of a series of puzzles that must be solved by teleporting the player's character and simple objects using \"the Aperture Science Handheld Portal Device\", also referred to as the \"portal gun\", a device that can create intra-spatial portals between two flat planes. The player-character, Chell, is challenged and taunted by an artificial intelligence named GLaDOS (Genetic Lifeform and Disk Operating System) to complete each puzzle in the Aperture Science Enrichment Center using the portal gun with the promise of receiving cake when all the puzzles are completed. The Source Engine's physics system allows kinetic energy to be retained through portals, requiring creative use of portals to maneuver through the test chambers. This gameplay element is based on a similar concept from the game Narbacular Drop; many of the team members from the DigiPen Institute of Technology who worked on Narbacular Drop were hired by Valve for the creation of Portal, making it a spiritual successor to the game.", "release_year": 2007, "genre": 6, "publisher": 22, "image": "game_images/Portal_standalonebox.jpg", "link": "https://store.steampowered.com/app/400/Portal/?l=english", "platform": [1, 5, 6, 7], "players": []}}, {"model": "game.platform", "pk": 1, "fields": {"name": "PC"}}, {"model": "game.platform", "pk": 2, "fields": {"name": "PS4"}}, {"model": "game.platform", "pk": 3, "fields": {"name": "Xbox One"}}, {"model": "game.platform", "pk": 4, "fields": {"name": "PS5"}}, {"model": "game.platform", "pk": 5, "fields": {"name": "PS3"}}, {"model": "game.platform", "pk": 6, "fields": {"name": "Xbox 360"}}, {"model": "game.platform", "pk": 7, "fields": {"name": "Switch"}}, {"model": "game.platform", "pk": 8, "fields": {"name": "Xbox Series X"}}, {"model": "game.platform", "pk": 9, "fields": {"name": "Xbox Series Y"}}, {"model": "game.rating", "pk": 1, "fields": {"player": 1, "game": 1, "score": 9}}, {"model": "game.rating", "pk": 2, "fields": {"player": 1, "game": 2, "score": 9}}, {"model": "game.rating", "pk": 3, "fields": {"player": 1, "game": 3, "score": 9}}, {"model": "game.rating", "pk": 4, "fields": {"player": 1, "game": 70, "score": 8}}, {"model": "game.rating", "pk": 5, "fields": {"player": 4, "game": 70, "score": 9}}, {"model": "game.rating", "pk": 6, "fields": {"player": 1, "game": 72, "score": 9}}, {"model": "game.rating", "pk": 7, "fields": {"player": 1, "game": 35, "score": 6}}, {"model": "game.rating", "pk": 8, "fields": {"player": 1, "game": 11, "score": 6}}, {"model": "game.rating", "pk": 9, "fields": {"player": 5, "game": 15, "score": 8}}, {"model": "game.rating", "pk": 10, "fields": {"player": 1, "game": 33, "score": 10}}, {"model": "game.rating", "pk": 11, "fields": {"player": 1, "game": 26, "score": 11}}, {"model": "game.rating", "pk": 12, "fields": {"player": 1, "game": 53, "score": 9}}, {"model": "game.rating", "pk": 13, "fields": {"player": 1, "game": 54, "score": 9}}, {"model": "game.rating", "pk": 14, "fields": {"player": 1, "game": 6, "score": 10}}, {"model": "game.rating", "pk": 15, "fields": {"player": 1, "game": 50, "score": 9}}, {"model": "game.rating", "pk": 16, "fields": {"player": 1, "game": 14, "score": 11}}, {"model": "game.rating", "pk": 17, "fields": {"player": 1, "game": 7, "score": 7}}, {"model": "game.rating", "pk": 18, "fields": {"player": 1, "game": 62, "score": 6}}, {"model": "game.rating", "pk": 19, "fields": {"player": 1, "game": 30, "score": 8}}, {"model": "game.rating", "pk": 20, "fields": {"player": 1, "game": 13, "score": 9}}, {"model": "game.rating", "pk": 21, "fields": {"player": 1, "game": 56, "score": 8}}, {"model": "game.rating", "pk": 22, "fields": {"player": 1, "game": 12, "score": 9}}, {"model": "game.genre", "pk": 1, "fields": {"name": "Strategy", "description": "A strategy game or strategic game is a game (e.g. a board game) in which the players' uncoerced, and often autonomous, decision-making skills have a high significance in determining the outcome. Almost all strategy games require internal decision tree-style thinking, and typically very high situational awareness.\r\nStrategy game\r\n\r\nStrategy games are also seen as a descendant of war games, and define strategy in terms of the context of war, but this is more partial. A strategy game is a game that relies primarily on strategy, and when it comes to defining what strategy is, two factors need to be taken into account: its complexity and game-scale actions, such as each placement in a Total War series. The definition of a strategy game in its cultural context should be any game that belongs to a tradition that goes back to war games, contains more strategy than the average video game, contains certain gameplay conventions, and is represented by a particular community. Although war is dominant in strategy games, it is not the whole story.[1]", "image": "genre_images/logo-strategy-games-icon-illustration-vector_BJIpMkW.jpg"}}, {"model": "game.genre", "pk": 2, "fields": {"name": "Indie", "description": "An indie game, short for independent video game, is a video game created by individuals or smaller development teams without the financial and technical support of a large game publisher, in contrast to most \"AAA\" (triple-A) games. Because of their independence and freedom to develop, indie games often focus on innovation, experimental gameplay, and taking risks not usually afforded in AAA games. Indie games tend to be sold through digital distribution channels rather than at retail due to a lack of publisher support. The term is analogous to independent music or independent film in those respective mediums.", "image": "genre_images/images_KhOwC6T.png"}}, {"model": "game.genre", "pk": 3, "fields": {"name": "Action", "description": "Action games emphasize physical challenges that require hand-eye coordination and motor skill to overcome. They center around the player, who is in control of most of the action. Most of the earliest video games were considered action games. Today, it is still a vast genre covering all games that involve physical challenges.\r\n\r\nAction games are classified by many subgenres. Platform games and fighting games are among the best-known subgenres, while shooter games became and continue to be one of the dominant genres in video gaming since the 1990s. Action games usually involve elements of twitch gameplay.", "image": "genre_images/action.jpg"}}, {"model": "game.genre", "pk": 4, "fields": {"name": "Action-adventure", "description": "Action-adventure games can divide into action or adventure games, they combine elements of their two component genres, typically featuring long-term obstacles that must be overcome using a tool or item as leverage, which is collected earlier, as well as many smaller obstacles almost constantly in the way, that require elements of action games to overcome. Action-adventure games tend to focus on exploration and usually involve item gathering, simple puzzle solving, and combat. \"Action-adventure\" has become a label which is sometimes attached to games which do not fit neatly into another well known genre. Because of their prevalence on video game consoles and the absence of typical adventure games, action-adventure games are often called \"adventure games\" by modern gamers.", "image": "genre_images/action-adventuree.jpg"}}, {"model": "game.genre", "pk": 5, "fields": {"name": "Adventure", "description": "Unlike adventure films, adventure games are not defined by story or content. Rather, adventure describes a manner of gameplay without reflex challenges or action. They normally require the player to solve various puzzles by interacting with people or the environment, most often in a non-confrontational way. It is considered a \"purist\" genre and tends to exclude anything which includes action elements beyond a mini game.", "image": "genre_images/adventure.jpg"}}, {"model": "game.genre", "pk": 6, "fields": {"name": "Puzzle", "description": "Puzzle games are for those who like to put their brain to use and find the thrill in solving puzzles. Whether simple adaptations of real-world puzzles like Sudoku or full-blown puzzle games meant to be explored in a video game environment, there's a lot of variety on offer. They test the player's problem-solving skills including logic, pattern recognition, sequence solving, and word completion. Puzzle games continue to find millions of fans, especially on mobile phones where casual games and tile-matching puzzle games are extremely popular.\r\n\r\nPuzzle games focus on logical and conceptual challenges, although some of them also include a real-time component and require quick thinking. While many action games and adventure games include puzzle elements in level design, a true puzzle game focuses on puzzle solving as its primary gameplay activity. This genre sometimes crosses over with educational games.\r\n\r\nRather than presenting a random collection of puzzles to solve, puzzle games typically offer a series of related puzzles that are a variation on a single theme. This theme could involve pattern recognition, logic, or understanding a process. These games usually have a set of rules or mechanics, where players manipulate game pieces on a grid, network or other interaction space. Players must unravel clues in order to achieve some victory condition, which will then allow them to advance to the next level. Completing each puzzle will usually lead to a more difficult challenge.", "image": "genre_images/puzzle.jpg"}}, {"model": "game.genre", "pk": 7, "fields": {"name": "RPG", "description": "Role-playing video games draw their gameplay from traditional tabletop role-playing games like Dungeons & Dragons. Most of these games cast the player in the role of a character that grows in strength and experience over the course of the game. By overcoming difficult challenges and/or defeating monsters, the player gains experience points which represent the character's progress in a chosen profession or class, such as melee combat or ranged magic spells, and allow the player to gain new abilities once a set amount are obtained.\r\n\r\nMany RPGs contain an open world known as an overworld, which is usually populated with monsters, that allows access to more important game locations, such as towns, dungeons, and castles. Since the emergence of affordable home computers coincided with the popularity of paper and pencil role-playing games, this genre was one of the first in video games and continues to be popular today. Gameplay elements strongly associated with RPG, such as statistical character development through the acquisition of experience points, have been widely adapted to other genres such as action-adventure games.", "image": "genre_images/rpg.webp"}}, {"model": "game.genre", "pk": 8, "fields": {"name": "Simulator", "description": "Simulation video games are a diverse super-category of video games, generally designed to closely simulate real world activities.[1] A simulation game attempts to copy various activities from real life in the form of a game for various purposes such as training, analysis, prediction, or entertainment. Usually there are no strictly defined goals in the game, and the player is allowed to control a character or environment freely.[2] Well-known examples are war games, business games, and role play simulation. From three basic types of strategic, planning, and learning exercises: games, simulations, and case studies, a number of hybrids may be considered, including simulation games that are used as case studies.[3] Comparisons of the merits of simulation games versus other teaching techniques have been carried out by many researchers and a number of comprehensive reviews have been published.[4]", "image": "genre_images/simulator.jpg"}}, {"model": "game.genre", "pk": 9, "fields": {"name": "Sport", "description": "A sports video game is a video game that simulates the practice of sports. Most sports have been recreated with video games, including team sports, track and field, extreme sports, and combat sports. Some games emphasize playing the sport (such as EA Sports FC, eFootball and NBA 2K), whilst others emphasize strategy and sport management (such as Football Manager and Out of the Park Baseball). Some, such as Need for Speed, Arch Rivals and Punch-Out!!, satirize the sport for comic effect. This genre has been popular throughout the history of video games and is competitive, just like real-world sports. A number of game series feature the names and characteristics of real teams and players, and are updated annually to reflect real-world changes. The sports genre is one of the oldest genres in gaming history.", "image": "genre_images/sports.jpg"}}, {"model": "game.genre", "pk": 10, "fields": {"name": "MMO", "description": "A massively multiplayer online game, also called MMO and MMOG, is a multiplayer online video game which is capable of supporting large numbers of players simultaneously. By necessity, they are played on the Internet. Many games have at least one persistent world. Others just have large numbers of players competing at once, in one form or another, without any lasting effect to the world at all. These games can be found for most network-capable platforms, including the personal computer, video game console, or smartphones and other mobile devices. \r\n\r\nMMO games can enable players to cooperate and compete with each other on a large scale, and sometimes to interact meaningfully with people around the world. They include a variety of gameplay types, representing many video game genres, such as MMORPG, MMOFPS, MMORTS, MMOTBS and MMO simulation games.", "image": "genre_images/MMO.jpg"}}, {"model": "game.publisher", "pk": 1, "fields": {"name": "Paradox Interactive", "description": "Paradox Interactive AB is a video game publisher based in Stockholm, Sweden. The company started out as the video game division of Target Games and then Paradox Entertainment (now Cabinet Entertainment) before being spun out into an independent company in 2004. Through a combination of expanding internal studios, founding new studios and purchasing independent developers, the company has grown to comprise nine first-party development studios, including their flagship Paradox Development Studio, and acts as publisher for games from other developers.\r\n\r\nParadox is best known for releasing strategy video games, especially historically-themed grand strategy games, and has published strategy games in different settings, as well as games of other genres such as role-playing video games and management simulators. They typically continue development of their games after initial release with the creation of downloadable content, and are also known for creating games that are easy to mod.\r\n\r\nOutside of video games, Paradox has created board games based on several of its titles, and owns the rights to the tabletop role-playing game series World of Darkness since purchasing White Wolf Publishing in 2015. They hold an annual convention, PDXCON, which has been open to the public since 2017.", "country": "Sweden", "capitalization": "1.46", "image": "publisher_images/Paradox_Interactive.png"}}, {"model": "game.publisher", "pk": 2, "fields": {"name": "Edmund McMillen", "description": "Edmund Charles McMillen[1] (born March 2, 1980) is an American video game designer and artist. He is known for his Adobe Flash games with unconventional visual styles.[2] His works include 2010's side-scroller Super Meat Boy, 2011's roguelike game The Binding of Isaac, and its 2014 remake The Binding of Isaac: Rebirth.", "country": "USA", "capitalization": "0.76", "image": "publisher_images/mcmillen_hero_leLCZgi.jpg"}}, {"model": "game.publisher", "pk": 3, "fields": {"name": "Frontier Developments", "description": "Frontier Developments plc. is a British video game developer founded by David Braben in January 1994 and based at the Cambridge Science Park in Cambridge, England. Frontier develops management simulators Planet Coaster and Planet Zoo, and has produced several games in David Braben's Elite series, including Elite Dangerous. The company takes its name from the earliest titles in the Elite series with which it was involved, a port of Frontier: Elite II and development of Frontier: First Encounters. In 2013, the company was listed on the AIM segment of the London Stock Exchange. It published third-party games under the Frontier Foundry label between 2019 and 2022.", "country": "Great Britain", "capitalization": "0.12", "image": "publisher_images/Frontier_Developments.svg.png"}}, {"model": "game.publisher", "pk": 4, "fields": {"name": "SEGA", "description": "Sega Corporation[a] is a Japanese multinational video game company and subsidiary of Sega Sammy Holdings headquartered in Shinagawa, Tokyo. It produces several multi-million-selling game franchises for arcades and consoles, including Sonic the Hedgehog, Angry Birds, Puyo Puyo, Super Monkey Ball, Total War, Virtua Fighter, and Yakuza. From 1983 until 2001, Sega also developed its own consoles.\r\n\r\nSega was founded by American businessmen Martin Bromley and Richard Stewart as Nihon Goraku Bussan[b] on June 3, 1960. Shortly after, the company acquired the assets of its predecessor, Service Games of Japan. In 1965, it became known as Sega Enterprises, Ltd., after acquiring Rosen Enterprises, an importer of coin-operated games. Sega developed its first coin-operated game, Periscope, in 1966. Sega was sold to Gulf and Western Industries in 1969. Following a downturn in the arcade business in the early 1980s, Sega began to develop video game consoles, starting with the SG-1000 and Master System, but struggled against competitors such as the Nintendo Entertainment System. In 1984, Sega executives David Rosen and Hayao Nakayama led a management buyout, with backing from CSK Corporation.", "country": "Japan", "capitalization": "3.30", "image": "publisher_images/SEGA_logo.svg.png"}}, {"model": "game.publisher", "pk": 5, "fields": {"name": "2K", "description": "2K is an American video game publisher based in Novato, California. The company was founded as a subsidiary of Take-Two Interactive in January 2005 through the 2K Games and 2K Sports sub-labels. The nascent label incorporated several development studios owned by Take-Two, including Visual Concepts and Kush Games, which had been acquired the day before. Originally based in New York City, 2K moved to Novato in 2007. A third label, 2K Play, was added in September 2007. 2K is governed by David Ismailer as president and Phil Dixon as chief operating officer. It operates a motion capture studio in Petaluma, California.", "country": "USA", "capitalization": "26.33", "image": "publisher_images/2K_2021_Logo.svg.png"}}, {"model": "game.publisher", "pk": 6, "fields": {"name": "MangaGamer", "description": "MangaGamer is a video game publisher specializing in the English localization and distribution of Japanese eroge and visual novels. It is run by Japanese-based company Japan Animation Contents.", "country": "Japan", "capitalization": "0.13", "image": "publisher_images/MangaGamer_Logo.png"}}, {"model": "game.publisher", "pk": 7, "fields": {"name": "11 bit studios", "description": "11 bit studios S.A. is a Polish video game developer and publisher based in Warsaw. The studio was founded in 2010 by former members of CD Projekt and Metropolis Software. The studio is most known for developing Anomaly: Warzone Earth (2011), This War of Mine (2014), and Frostpunk (2018).", "country": "Poland", "capitalization": "0.39", "image": "publisher_images/11bitstudio.png"}}, {"model": "game.publisher", "pk": 8, "fields": {"name": "CD Projekt", "description": "CD Projekt S.A.is a Polish video game developer, publisher and distributor based in Warsaw, founded in May 1994 by Marcin Iwiński and Michał Kiciński. Iwiński and Kiciński were video game retailers before they founded the company, which initially acted as a distributor of foreign video games for the domestic market. The department responsible for developing original games, CD Projekt Red (stylised as CD PROJEKT RED), best known for The Witcher series, was formed in 2002. In 2008, CD Projekt launched the digital distribution service Good Old Games, now known as GOG.com.", "country": "Poland", "capitalization": "3.74", "image": "publisher_images/CD_Projekt_logo.svg.png"}}, {"model": "game.publisher", "pk": 9, "fields": {"name": "Sony Computer Entertainment", "description": "Sony Interactive Entertainment LLC (SIE) is a Japanese-American multinational video game and digital entertainment company of Sony. Jointly established by two subsidiaries in 2016, it primarily operates the PlayStation brand of video game consoles and products. It is also the world's largest company in the video game industry based on its equity investments.", "country": "Japan", "capitalization": "116.50", "image": "publisher_images/Sony-logo.png"}}, {"model": "game.publisher", "pk": 10, "fields": {"name": "Deep Silver", "description": "Deep Silver is an Austrian video game publisher and a division of Plaion.", "country": "Austria", "capitalization": "0.04", "image": "publisher_images/Deep_Silver_Logo.svg.png"}}, {"model": "game.publisher", "pk": 11, "fields": {"name": "Electronic Arts", "description": "Electronic Arts Inc. (EA) is an American video game company headquartered in Redwood City, California. Founded in May 1982 by former Apple employee Trip Hawkins, the company was a pioneer of the early home computer game industry and promoted the designers and programmers responsible for its games as \"software artists\". EA published numerous games and some productivity software for personal computers, all of which were developed by external individuals or groups until 1987's Skate or Die! The company shifted toward internal game studios, often through acquisitions, such as Distinctive Software becoming EA Canada in 1991.", "country": "USA", "capitalization": "38.64", "image": "publisher_images/EA.png"}}, {"model": "game.publisher", "pk": 12, "fields": {"name": "THQ", "description": "THQ Inc. was an American video game company based in Agoura Hills, California. It was founded in April 1990 by Jack Friedman, originally in Calabasas, and became a public company the following year through a reverse merger takeover. Initially working in the toy business, it expanded into the video game business through several acquisitions before shifting its focus away from toys entirely. THQ continued its trend of acquiring companies throughout the 2000s.", "country": "USA", "capitalization": "0.00", "image": "publisher_images/THQ_logo_2011.svg.png"}}, {"model": "game.publisher", "pk": 13, "fields": {"name": "Telltale Games,", "description": "Telltale Incorporated (trade name: Telltale Games) was an American video game developer based in San Rafael, California. The company was founded in July 2004 by former LucasArts developers Kevin Bruner, Dan Connors and Troy Molander, following LucasArts' decision to leave the adventure game genre. Telltale established itself to focus on adventure games using a novel episodic release schedule over digital distribution, creating its own game engine, the Telltale Tool, to support this. It closed in October 2018 after filing for bankruptcy protection.", "country": "USA", "capitalization": "0.00", "image": "publisher_images/Telltale_Games.svg.png"}}, {"model": "game.publisher", "pk": 14, "fields": {"name": "Ubisoft", "description": "Ubisoft is a French video game publisher headquartered in Saint-Mandé with development studios across the world. Its video game franchises include Assassin's Creed, Driver, Far Cry, Just Dance, Prince of Persia, Rabbids, Rayman, Tom Clancy's, and Watch Dogs.", "country": "France", "capitalization": "3.11", "image": "publisher_images/Ubisoft_logo.svg.png"}}, {"model": "game.publisher", "pk": 15, "fields": {"name": "Activision Blizzard", "description": "Activision Blizzard, Inc. is an American video game holding company based in Santa Monica, California. Activision Blizzard currently includes five business units: Activision Publishing, Blizzard Entertainment, King, Major League Gaming,[6] and Activision Blizzard Studios.\r\n\r\nFounded in July 2008 through the merger of Activision, Inc. (the publicly traded parent company of Activision Publishing) and Vivendi Games, the company owns and operates additional subsidiary studios, as part of Activision Publishing, including Treyarch, Infinity Ward, and High Moon Studios.[4] Among major intellectual properties produced by Activision Blizzard are Call of Duty, Crash Bandicoot, Guitar Hero, Tony Hawk's, Spyro, Skylanders, World of Warcraft, StarCraft, Diablo, Hearthstone, Heroes of the Storm, Overwatch, and Candy Crush Saga. Under Blizzard Entertainment, it invested in esports initiatives around several of its games, most notably Overwatch and Call of Duty. Activision Blizzard's titles have broken a number of release records. As of March 2018, it was the largest game company in the Americas and Europe in terms of revenue and market capitalization.", "country": "USA", "capitalization": "74.28", "image": "publisher_images/Activision_Blizzard_logo.svg.png"}}, {"model": "game.publisher", "pk": 16, "fields": {"name": "Frictional Games", "description": "Frictional Games AB is a Swedish independent video game developer based in Malmö, founded in January 2007 by Thomas Grip and Jens Nilsson. The company specialises in the development of survival horror games with very little or no combat gameplay mechanics. It is best known for its games Amnesia: The Dark Descent and Soma.", "country": "Sweden", "capitalization": "0.04", "image": "publisher_images/Frictional_Games.svg.png"}}, {"model": "game.publisher", "pk": 17, "fields": {"name": "Team Cherry", "description": "Team Cherry (developer), an Australian video game developer and publisher of Hollow Knight and Hollow Knight: Silksong.", "country": "Australia", "capitalization": "0.03", "image": "publisher_images/Team_cherry_Logo_Red.png"}}, {"model": "game.publisher", "pk": 18, "fields": {"name": "Bandai Namco Entertainment", "description": "Bandai Namco Entertainment Inc.[a] is a Japanese multinational video game publisher owned by Bandai Namco Holdings. It was founded in 2006 as Namco Bandai Games Inc.[b], following the 2005 merger of Namco and Bandai. Namco acquired Bandai's video game business division through a corporate split. In 2009, Bandai Namco Games absorbed Bandai Networks. It is headquartered in Minato, Tokyo.\r\n\r\nDevelopment operations were spun off into a new company in 2012, Namco Bandai Studios (now called Bandai Namco Studios), to help create faster development time and tighter cohesion between development teams. Namco Bandai Games was renamed Bandai Namco Games in 2014 and again to Bandai Namco Entertainment a year later.", "country": "Japan", "capitalization": "13.28", "image": "publisher_images/Bandai_Namco_logo_2022.svg.png"}}, {"model": "game.publisher", "pk": 19, "fields": {"name": "Bethesda Softworks", "description": "Bethesda Softworks LLC is an American video game publisher based in Rockville, Maryland. The company was founded by Christopher Weaver in 1986 as a division of Media Technology Limited. In 1999, it became a subsidiary of ZeniMax Media. In its first 15 years, it was a video game developer and self-published its titles. In 2001, Bethesda spun off its in-house development team into Bethesda Game Studios, leaving Bethesda Softworks to focus on publishing operations.", "country": "USA", "capitalization": "10.50", "image": "publisher_images/Bethesda_Softworks_Logo.svg.png"}}, {"model": "game.publisher", "pk": 20, "fields": {"name": "Capcom", "description": "Capcom Co., Ltd. (Japanese: 株式会社カプコン, Hepburn: Kabushiki-gaisha Kapukon) is a Japanese video game company. It has created a number of critically acclaimed and multi-million-selling game franchises, with its most commercially successful being Resident Evil, Monster Hunter, Street Fighter, Mega Man, Devil May Cry, Dead Rising, Dragon's Dogma, Ace Attorney, and Marvel vs. Capcom. Established in 1979, it has become an international enterprise with subsidiaries in East Asia (Hong Kong), Europe (London, England), and North America (San Francisco, California).", "country": "Japan", "capitalization": "8.68", "image": "publisher_images/1024px-Capcom_logo.svg.png"}}, {"model": "game.publisher", "pk": 22, "fields": {"name": "Valve", "description": "Valve Corporation, also known as Valve Software, is an American video game developer, publisher, and digital distribution company headquartered in Bellevue, Washington. It is the developer of the software distribution platform Steam and the game franchises Half-Life, Counter-Strike, Portal, Day of Defeat, Team Fortress, Left 4 Dead and Dota.\r\n\r\nValve was founded in 1996 by the former Microsoft employees Gabe Newell and Mike Harrington. Their debut game, the first-person shooter (FPS) Half-Life (1998), was a critical and commercial success and had a lasting influence on the FPS genre. Harrington left in 2000. In 2003, Valve launched Steam, followed by Half-Life 2 (2004), the episodic sequels Half-Life 2: Episode One (2006) and Episode Two (2007), the multiplayer games Team Fortress 2 (2007) and Left 4 Dead (2008), the puzzle games Portal (2007) and Portal 2 (2011) and the multiplayer online battle arena game Dota 2 (2013).", "country": "USA", "capitalization": "2.50", "image": "publisher_images/Valve_logo.svg.png"}}, {"model": "game.player", "pk": 1, "fields": {"password": "pbkdf2_sha256$720000$IYgD49ySC3mWoXICaxYWt0$f+Y9wP6tCaihJJbko4CRwEdnUOaUCbdnw7fFeyjFVKA=", "last_login": "2024-07-22T10:54:44.310Z", "is_superuser": true, "username": "admin", "is_staff": true, "is_active": true, "date_joined": "2024-07-08T13:44:15Z", "email": "admin@admin.com", "date_of_birth": "2000-11-09", "first_name": "Bohdan", "last_name": null, "groups": [], "user_permissions": [], "wishlist_games": [65, 6, 33, 3, 2, 9], "completed_games": [13, 71, 33, 8, 3]}}, {"model": "game.player", "pk": 2, "fields": {"password": "pbkdf2_sha256$720000$OjezLeixLPV130WFyI9Flu$sS/jii+Knp/8XxwPWrhPFcr5WMtAfPDKG0TyfWn5IRI=", "last_login": null, "is_superuser": false, "username": "Forsen", "is_staff": false, "is_active": true, "date_joined": "2024-07-08T13:55:36Z", "email": "", "date_of_birth": null, "first_name": "Sebastian", "last_name": "Forse", "groups": [], "user_permissions": [], "wishlist_games": [], "completed_games": []}}, {"model": "game.player", "pk": 3, "fields": {"password": "pbkdf2_sha256$720000$jwsmujFqyIPehj7U9aKRM3$X6uXT70PgxtbWVFc+azsAS9HH9eRE7087u9ZgQjalEo=", "last_login": "2024-07-08T21:29:20Z", "is_superuser": false, "username": "Lizon", "is_staff": false, "is_active": true, "date_joined": "2024-07-08T21:29:19Z", "email": "liza@liza.com", "date_of_birth": null, "first_name": "", "last_name": "", "groups": [], "user_permissions": [], "wishlist_games": [1], "completed_games": [2]}}, {"model": "game.player", "pk": 4, "fields": {"password": "pbkdf2_sha256$720000$n9p8C4sepwPZa1f7iafRNx$UojPVtiCfm/eNlBHR/tDfrSpPjwEo4F30BMsLZ1ms80=", "last_login": "2024-07-11T21:17:48.109Z", "is_superuser": false, "username": "Test", "is_staff": false, "is_active": true, "date_joined": "2024-07-11T21:17:47.418Z", "email": "test@test.com", "date_of_birth": null, "first_name": "", "last_name": "", "groups": [], "user_permissions": [], "wishlist_games": [], "completed_games": []}}, {"model": "game.player", "pk": 5, "fields": {"password": "pbkdf2_sha256$720000$cbXXazLAdbbx1F6huHhrnM$NVE8BmZDSRQHNPD/4BnnosHSPs2LOKkLQD6kRhY69vQ=", "last_login": "2024-07-11T22:14:00.184Z", "is_superuser": false, "username": "Pivozavr", "is_staff": false, "is_active": true, "date_joined": "2024-07-11T22:13:59.478Z", "email": "pivo@pivo.com", "date_of_birth": null, "first_name": "", "last_name": "", "groups": [], "user_permissions": [], "wishlist_games": [], "completed_games": []}}, {"model": "game.player", "pk": 6, "fields": {"password": "pbkdf2_sha256$720000$sMLwpjx4ra3OyzFpgYe09A$r0z0yMFNfqtYDRmKYLWmz4WneX5TqKCaefGi9xoFP2M=", "last_login": "2024-07-16T14:17:02.481Z", "is_superuser": false, "username": "test123", "is_staff": false, "is_active": true, "date_joined": "2024-07-16T14:17:01.836Z", "email": "qwd@asdasd.com", "date_of_birth": "1999-11-11", "first_name": "ADsadasd", "last_name": "ASDasdasd", "groups": [], "user_permissions": [], "wishlist_games": [], "completed_games": []}}, {"model": "game.player", "pk": 7, "fields": {"password": "pbkdf2_sha256$720000$CXFc36DMhLegh5JBtue5at$XILDlQN35sH+PHuLFOHSIwNxE4tPx1ASwMpyzm/9oZY=", "last_login": "2024-07-17T14:21:25.997Z", "is_superuser": false, "username": "testtt", "is_staff": false, "is_active": true, "date_joined": "2024-07-17T14:21:25.369Z", "email": "test@testtt.com", "date_of_birth": "2011-11-11", "first_name": "", "last_name": "", "groups": [], "user_permissions": [], "wishlist_games": [], "completed_games": []}}, {"model": "game.player", "pk": 8, "fields": {"password": "pbkdf2_sha256$720000$oCcfmjiyaR4pl4f2QYze3F$cZwrpfjzOLw+96s4Wd2IfJwfSGWczTZc4JES1GrTaNQ=", "last_login": null, "is_superuser": false, "username": "ytytyt", "is_staff": false, "is_active": true, "date_joined": "2024-07-18T21:28:01.270Z", "email": "ytytty@ytytyt.com", "date_of_birth": null, "first_name": "", "last_name": "", "groups": [], "user_permissions": [], "wishlist_games": [], "completed_games": []}}, {"model": "game.player", "pk": 9, "fields": {"password": "pbkdf2_sha256$720000$9yA37Ib9IYfMGVMbPZVCs6$Ch2al/pLIN8EOWS+2lqH/0kylCzWaSrvba5qwQtcJYU=", "last_login": "2024-07-18T21:31:06.088Z", "is_superuser": false, "username": "fsdgdsfgdfg", "is_staff": false, "is_active": true, "date_joined": "2024-07-18T21:31:05.447Z", "email": "dfgdfgfdg@sdfgsdfg.com", "date_of_birth": null, "first_name": "", "last_name": "", "groups": [], "user_permissions": [], "wishlist_games": [], "completed_games": []}}]